RecipeName,0
टमाटर पुलियोगरे रेसिपी - Spicy Tomato Rice (Recipe In Hindi),0
Udupi Style Ash Gourd Coconut Curry Recipe,1
Andhra Style Ingavu Chaaru Recipe - Asafoetida Flavored Tamarind Rasam,2
Saunf Aloo (Fennel Potato Curry) Recipe,3
चेट्टिनाड वेजिटेबल पुलाव रेसिपी - Chettinad Vegetable Pulao Recipe,4
Mini Dal Samosa Curry/Sabzi Recipe,5
Mini Dal Pakwan Chaat Recipe - A Perfect Party Snack,6
सुंडकई मेथी सांबर रेसिपी - Sundakkai And Methi Leaves Sambar Recipe,7
Kodava Mudi Chekke Barthad Recipe - Raw Jackfruit & Black Chickpea Stir Fry,8
Whole Wheat Crepe Recipe With Herbed Vegetables,9
Makki and Methi Roti Recipe,10
Cabbage and Carrot Sambharo Recipe - Gujarati Vegetable Stir Fry,11
Rajasthani Khooba Roti Recipe,12
Chanar Dalna Recipe -Bengali Style Paneer & Potato Gravy,13
Bengali Mooli Aloo Ki Sabzi  Recipe,14
चकुंदर सांबर रेसिपी - Beetroot Sambar (Recipe In Hindi),15
टोफू पुलाव रेसिपी - Tofu Pulao (Recipe In Hindi),16
Dubuk Vade Recipe - Khandeshi Gram Flour Dumpling Curry,17
Matar Paneer Kachori Korma Recipe - Green Peas And Paneer Kachori Curry,18
Thengai Sadam Recipe (A Quick and Healthy Coconut Rice),19
Karwar Style Ambade Udid Methi Recipe - Hog Plum Curry,20
Roasted Cauliflower Recipe,21
Crunchy Ginger Capsicum Rice Recipe,22
White Pumpkin Mor Kuzhambu Recipe - Kerala Style White Pumpkin Curry,23
पनीर बटर मसाला बिरयानी रेसिपी - Layered Paneer Butter Masala Biryani Recipe,24
कोब्बारी चारु रेसिपी - Kobbari Chaaru Recipe,25
Appalam Vatha Kuzhambu Recipe - Papad In Tamarind Gravy,26
Kashmiri Style Modur Pulao With Pomegranate Recipe,27
North Indian Style Mushroom Matar Masala Recipe,28
Dhania Chole Masala Recipe - Chickpeas In Fresh Coriander Gravy,29
शिमला मिर्च मसाला पोरियल रेसिपी - Capsicum Masala Poriyal (Recipe In Hindi),30
केरला स्टाइल कच्चा केला और सुरन कोटु करी रेसिपी - Kerala Style Plantain & Yam Thoran Recipe,31
Dahi Wale Paneer Recipe - Paneer In A Curd Gravy,32
Pudina Mushroom And Soya Biryani Recipe,33
Lauki Ka Salan Recipe - Bottle Gourd Salan Recipe,34
Togari Bele Tovve Recipe  - Toor Dal Rasam,35
Mushroom Paratha Recipe,36
Palak Chana Dal Recipe - Healthy Spinach Gram Dal Recipe,37
Pasi Paruppu Kosumalli Recipe (Spiced Lentil Salad Recipe),38
Ragi Masala Roti Recipe,39
Paneer Matar Butter Masala (Indian Cottage Cheese and Peas Masala With Butter) Recipe,40
Thandu Keerai Puli Kuzhambu Recipe - Amaranth Greens in Tangy Curry,41
माँ की दाल रेसिपी - Maa Ki Dal (Recipe In Hindi),42
Palak Mushroom Makhani Recipe - Creamy Spinach & Mushroom,43
Dahi Bhalla Papdi Chaat Recipe,44
छोले मसाला रेसिपी - Dry Masala Chickpeas (Recipe In Hindi),45
व्रत वाले आलू पनीर रेसिपी - Potato Paneer Curry Without Onion And Garlic Recipe (Recipe In Hindi),46
कटाची आमटी रेसिपी - Katachi Amti (Recipe In Hindi),47
गोभी मटर की भुर्जी रेसिपी - Cauliflower Matar Bhurji (Recipe In Hindi),48
Kashmiri Style Paneer Masala Recipe,49
Aromatic Vegetable Pulao Recipe,50
One Pot Spicy Vegetable Pulao Recipe with Coconut Milk,51
बंगाली आलू दम रेसिपी - Bengali Aloo Dum Recipe,52
Hyderabad Soy Biryani Recipe With Vegetables & Palak,53
साउथ इंडियन पापड करी रेसिपी - Appalam Vathal Kuzhambu (Recipe In Hindi),54
Moong Dal Khichdi Recipe For Babies And Toddlers Over 10 Months,55
Dahi Wale Aloo Recipe (Indian Yogurt-based Potato Curry),56
Kovakkai Podi Curry Recipe - Tamil Nadu Style Ivy Gourd Stir Fry,57
बिरयानी मसाला पाउडर रेसिपी - Biryani Masala Powder Recipe,58
Andaman Style Steamed Garlic Prawns Recipe,59
Aloo Matar Masala Khichdi Recipe,60
Potato Vindaloo Recipe (Spicy Goan Potato Curry),61
Aloo Potol Posto Recipe (Aloo Parwal in Poppy Seed Masala Recipe),62
Aloo Bhey Ki Sabzi Recipe (Potato Lotus Stem Curry),63
Baingan Sarson Ka Saag Recipe,64
पनीर भरमा भिन्डी रेसिपी - Stuffed Bhindi With Paneer (Recipe In Hindi),65
Bael Ka Sharbat Recipe - Wood Apple Squash Drink,66
Safed Achari Baingan Recipe - White Aubergine in pickled spices,67
Jodhpuri Aloo Recipe,68
Vendakkai Thoran Recipe - Kerala Style Bhindi Stir Fry,69
Chana Aur Aloo Ki Sookhi Sabzi Recipe,70
बैंगन सरसों का साग रेसिपी - Baingan Sarson Ka Saag Recipe,71
Stuffed Arbi Paratha Recipe,72
Bengali Cholar Dal Recipe,73
हैदराबादी वेजिटेबल बिरयानी रेसिपी - Hyderabadi Vegetable Biryani Recipe,74
Baby Corn Cigar Recipe,75
Gehu Bajra Thepla Recipe - Bajra Masala Paratha,76
Aam Panna Pani Puri Recipe,77
Lentils and Mixed Grains Kichada Recipe,78
Dhania Wale Aloo Recipe - Coriander Potato Dry,79
राजस्थानी घसेला रेसिपी - Besan Ka Pitta (Recipe In Hindi),80
Andhra Style Vendakaya Charu Recipe - Ladies Finger Rasam,81
पालक पनीर भुर्जी रेसिपी - Palak Paneer Bhurji Recipe,82
Till Wale Aloo Recipe - Sesame Potato Sabzi,83
Sweet & Spicy Stuffed Paneer In Kofta Curry Recipe,84
Spicy Baby Potatoes Recipe,85
Andhra Style Palakura Pappu Recipe (Spinach Dal Recipe),86
हुनासे गोज्जु रेसिपी - Hunase Gojju Recipe,87
Kaigari Pirattal Recipe (Chettinad Style Mixed Vegetables),88
Spicy Paneer Bhurji Pav Sandwich Recipe - Breakfast Recipe,89
फालगुनी दाल रेसिपी - Phalguni Dal (Recipe In Hindi),90
Gawar Phali Masala Sabzi Recipe - Cluster Beans Gravy Sabzi,91
Moringa Masoor Dal Recipe - Drumstick Leaves Dal,92
Rajasthani Gatte Ki Sabzi Recipe With Onion & Garlic,93
Bengali Aloo Potol er Dalna Recipe - A Traditional Vegetable Side Dish,94
One Pot Methi Mushroom Brown Rice Pulao Recipe,95
Veg Mughlai Paratha Recipe,96
Andhra Style Palakaru Vepadu Recipe - Spinach Stir Fry Recipe,97
Paka Kela Ki Sabzi Recipe | Paka Kela nu Shaak | Gujarati Jain Recipe,98
नवरंग दाल रेसिपी - Navrang Dal (Recipe In Hindi),99
चाउ चाउ सांबर रेसिपी - Chow-Chow Sambar (Recipe In Hindi),100
Kurkuri Bhindi With Spicy Tomato Yogurt Gravy Recipe,101
No Onion No Garlic Lobia Masala Recipe In Electric Pressure Cooker,102
Instant Puliyodharai Powder Recipe (Puliyogare/Pulihora Powder),103
Vendakka Stew Recipe (Kerala Style Okra Stew),104
Chilke Wali Mung Dal Curry Recipe,105
मसूर दाल गस्सि रेसिपी - Masoor Dal Gassi Recipe,106
Potato Stuffed Dal Dhokli Recipe,107
Paneer In Coconut Gravy Recipe,108
गोअन पोई रेसिपी - Goan Poee Recipe,109
Potato Paneer Curry Without Onion And Garlic Recipe (Vrat Wale Aloo Paneer),110
Fansi Muthia Nu Shaak Recipe - Green Beans With Gram Flour Dumplings,111
केरला स्टाइल अप्पम रेसिपी - Kerala Style Appam Recipe,112
Khatta Meetha Petha Recipe (Yellow Pumpkin Sabzi),113
Mixed Sprouts Sabzi Recipe,114
तुलसी और पान के पत्तो का रसम रेसिपी - Tulsi And Betel Leaves Rasam Recipe,115
Chickpea Coconut Milk Curry Recipe,116
Sweet Potato Dal Recipe,117
Bihari Shakarkand Bhujiya Recipe - Spicy Sweet Potato Sabzi,118
सेब और टमाटर की सब्ज़ी रेसिपी - No Onion No Garlic Spiced Apple Tomato Curry (Recipe In Hindi),119
Stuffed Gilka Recipe (Maharashtrian Style Stuffed Silk Squash),120
Murungai Keerai Rasam Recipe,121
पालक पनीर रेसिपी - Palak Paneer Recipe,122
Kurkure Karela Sabzi Recipe - Crispy Karela Bhujiya,123
वेपमपू राइस रेसिपी - Dried Neem Flower Flavoured Rice (Recipe In Hindi),124
Broccoli And Aloo Poriyal Recipe - South Indian Broccoli And Potato Stir Fry,125
Nendra Pazham Pulissery Recipe - Ayurvedic Recipe,126
लौकी बड़ी की सब्ज़ी - Lauki Badi Ki Sabzi (Recipe In Hindi),127
फूलकोपीर पतुरी रेसिपी - Fulkopir Paturi Recipe,128
Karnataka Special Huli Tovve Recipe,129
Lehsuni Tikki Recipe,130
Hyderabadi Chand Biscuits Recipe,131
गाजर पुलाव रेसिपी - Carrot Rice (Recipe In Hindi),132
Pumpkin Peas Palya Recipe,133
Paneer Satay Recipe,134
Poosanikai Rasavangi Recipe - Ash Gourd Curry With Dal,135
Malvani Vatli Dal Recipe,136
Chettinad Vengaya Kosu Recipe (Spicy Curry from Chettinad Cuisine),137
Meethe Chawal Recipe - Zarda Pulao,138
Navratan Korma Recipe,139
चावल बनाने की विधि रेसिपी - Steamed Rice Recipe,140
Tarkari Ni Kari Recipe (Parsi Style Vegetable Curry),141
Nepalese Style Dhal Bhat Recipe,142
Murungakkai Mor Kuzhambu Recipe-Drumstick Buttermilk Curry,143
Parsi Style Lagan Sara Istew Recipe - Rich Sweet Assorted Vegetable Curry,144
Mixed Beans Vegetable Pulao Recipe,145
Odiya Style Chana Dal With Potato & Pumpkin Curry Recipe,146
Makhana ki Sabzi Recipe,147
Szechuan Vegetarian Fried Rice,148
Achari Gobi Shimla Mirch Ki Sabzi Recipe - Capsicum And Cauliflower Sabzi,149
Chole Biryani Recipe - Spicy Chana Biryani  Recipe,150
Rajgira Paneer Paratha Recipe (Navratri Fasting/Vrat Recipe),151
Tandoori Potatoes Recipe,152
केरला स्टाइल अरबी की सब्ज़ी रेसिपी - Kerala Style Arbi Curry,153
छोले शिमलामिर्च मसाला रेसिपी - Chole Capsicum Masala Recipe (Recipe In Hindi),154
गाजर और शिमला मिर्च पुलाव रेसिपी - Carrot And Capsicum Rice (Recipe In Hindi),155
Senai Kizhangu Varuval Recipe - Spicy Chettinad Style Yam Stir Fry,156
गवारफली की सुखी सब्ज़ी रेसिपी - Gavarfali Ki Sukhi Sabzi (Recipe In Hindi),157
मुलांगी करी रेसिपी - Mullangi Curry (Recipe In Hindi),158
Kakdi Chi Koshimbir Recipe - Maharashtrian Style Cucumber Salad,159
Shepuchi Bhaji Recipe (Stir Fried Maharashtrian Suva/Dill Greens),160
नवाबी पनीर करी रेसिपी - Nawabi Paneer Curry Recipe,161
पालक पुलाव रेसिपी - Palak Pulao (Recipe In Hindi),162
वेजीटेरियन हक्का नूडल्स रेसिपी - Vegetarian Hakka Noodles Recipe,163
Thalicha Thayir Sadam Recipe - Spicy Seasoned Curd Rice,164
Marwadi Gatte Ki Kadhi Recipe - Gram Flour Dumpling In Yogurt Curry,165
Kashmiri Style Bharit Marchavangun Recipe-Stuffed Chillies,166
Mushroom Caldine Recipe | Vegetarian Goan Mushroom Curry,167
Konkani Style Maskasangi Magge Koddel Recipe-Drumstick and Mangalore Cucumber Curry,168
Bengali Style Cholar Dal Recipe-Chana Dal,169
Aamras Ki Kadhi Recipe - Mango Kadhi Recipe,170
Pavakka Theeyal Recipe - Spicy & Tangy Karela In Tamarind Gravy,171
Smoked Tandoori Paneer Tikka Recipe,172
Khatti Meethi Tindora Sabzi Recipe - Gujarati Tindora Nu Shaak,173
Lilve Ki Sabzi Recipe (Green Chickpea Curry),174
Amaranth Leaves Khichdi Recipe,175
मसाला रोटी रेसिपी - Masala Roti (Recipe in Hindi),176
Maakhmi Dal Recipe-Sindhi Style Moong Dal,177
Sorekai Majjige Huli Recipe (Bottle Gourd In Coconut Yogurt Curry Recipe),178
Paneer Matar Keema Recipe,179
Palak Onion Kadhi Pakora Recipe,180
नवरतन कोरमा (सूखा) रेसिपी - Dry Navratan Korma (Recipe In Hindi),181
Turai Pyaz Hari Mirch Ki Sabzi Recipe-Ridge Gourd Stir Fry With Green Chili And Onions,182
Konkani Style Vengaya Sagle Recipe - Eggplant Drumstick Curry,183
Keri Na Gotla Nu Shaak Recipe - Gujarati Style Ripe Mango Curry,184
Tomato Kurma Recipe - Thakkali Kurma For Biryani & Parotta,185
Maa Ki Dal Recipe - Punjabi Style Black Urad Dal Recipe,186
Onion Thepla Recipe,187
Cauliflower Thoran Recipe (Kerala Style Cauliflower),188
Nellor Kathirikai - Nellor Brinjal Fry Recipe,189
Bharwa Lauki Recipe In No Onion No Garlic Makhani Gravy,190
Kiwi Guava Spritzer Recipe,191
Soya Chunks Masala in Coconut Milk Recipe,192
Drumstick Leaves Sabzi With Crushed Peanuts Recipe,193
Doddapatre Soppina Chitranna Recipe (Spiced Indian Thyme Rice),194
Coriander Semiya Recipe - Vermicelli Pulao,195
Dal Dhokli Recipe With Sprouted Moong Dal,196
Ragi Sankati Recipe - Andhra Style Ragi Mudda,197
Sukhe Chole Recipe - Dry Masala Chickpeas,198
Kadhai Tofu Sabji Recipe,199
Jeera Milagu Rasam Recipe  - South Indian Pepper Cumin Rasam,200
Karnataka Style Orange Peels Curry Recipe,201
Kerala Style Chakka Pal Kozhukattai Recipe-Rice Dumpling In Jackfruit flavored Coconut Milk,202
Dhaba Style Tawa Pulao Recipe - Masala Brown Rice Tawa Pulao,203
Kadai Broccoli Masala Recipe - Broccoli Cooked With Indian Spices,204
Chana Methi Dal Recipe - Fenugreek & Split Bengal Gram Curry,205
Baked Fish In Coconut Milk Recipe,206
Kashmiri Monj Haakh Recipe - Knol Khol Flavored With Asafoetida,207
Bharwa Karela With Sweet Potato Filling Recipe,208
Kerala Cherupayar Curry Recipe (Green Moong and Yellow Moong Dal Recipe),209
Kathiri Urulai Masala Kuzhambu Recipe - Brinjal And Potato Masala Gravy,210
Saragva Nu Shaak Recipe-Drumstick Masala Sabzi,211
Bihari Aloo Bhujiya Recipe,212
Kohlrabi Recipe (Knol Khol Poriyal),213
Mixed Millet Khichdi Recipe,214
Chironji Ki Dal Recipe,215
Sarson Saag Pulao Recipe-Spinach Mustard Greens Pulao,216
Milagu Rasam Recipe - Village Style Pepper Rasam,217
Saoji Methi Pulao Recipe - Maharashtrian Style Fenugreek Leaves Pulao,218
Parsi Style Sekta Ni Sing Recipe-Sweet & Spicy Drumsticks Cooked In Coconut Water/Toddy Recipe),219
Maharashtrian Style Kothimbir Oats Vadi Recipe,220
Chana Dal Khichdi Recipe,221
Boti Masala Chaat Recipe - Fryums Chaat  Recipe,222
Matar Ki Tehri Recipe - Fragrant rice cooked with spices and fresh peas,223
Mullangi Mor Pachadi Recipe (Radish in spicy tempered Yogurt Gravy Recipe),224
Mangalorean Style Bafat Pito Recipe-Bafat/Bafad Spice Mix Powder,225
Andhra Style Vegetarian Biryani with Soya Chunks Recipe,226
Kerala Style Vendakka Uppadan Recipe,227
Sweet & Spicy Ripe Mango Curry Recipe,228
Poondu Milagu Kuzhambu Recipe - Tamilnadu Style Garlic and Black Pepper Curry,229
Goan Style Brinjal Bharta Recipe,230
Odia Chatu Besara Recipe (Mushrooms in Spicy Mustard Curry),231
Corn And Peas Curry Recipe,232
काला वटाना आमटी रेसिपी - Kala Vatana Amti (Recipe In Hindi),233
Sprouted Moong Dal Recipe - Spicy Sprouted Lentil Curry,234
Kerala Style Taroo Root Curry Recipe (Colacasia),235
Chutney Podi Sadam Recipe - Rice Flavoured With Chutney Podi,236
चटपटा आलू रेसिपी - Chatpata Baby Potato (Recipe In Hindi),237
Rase Wale Aloo Recipe (Boiled Potato in Tangy Tomato Sauce),238
वेपमपू करा कोलंब रेसिपी - Vepampoo Kara Kuzhambu Recipe,239
Bell Pepper Sabji Recipe-No Onion No Garlic,240
Omakka Curry Recipe - Kerala Style Papaya Curry,241
Dal Tadka Recipe Flavored with Lemon and Coriander,242
Chettinad Beans & Cauliflower Poriyal Recipe (South Indian Stir Fry),243
Healthy Fulkopir Paturi Recipe (Bengali Style Cauliflower Dumplings),244
Dal Banjara Recipe - Langar Wali Dal,245
Zucchini Keerai Thogayal Recipe - South Indian Tangy Spinach and Zucchini Chutney,246
Veppam Poo Rasam Recipe (Neem flower Rasam),247
Odia Style Chuin Aloo Besara Recipe-Potato & Drumsticks Fry In Mustard Paste,248
गोअन मसूरची उसली रेसिपी - Goan Masoorchi Usali (Recipe In Hindi),249
Tawa Mushroom Recipe,250
Besan Aur Mirch Ki Sabzi Recipe,251
Kerala Special Mambazha Puliserry Recipe,252
Patiala Aloo Recipe,253
Kongunadu Style Vetrilai Sadam Recipe - Betel Leaves Rice,254
लौकी भरता रेसिपी - Lauki Bharta (Recipe In Hindi),255
गोअन काजू करी रेसिपी - Goan Kaju Curry Recipe,256
लाहोरी आलू रेसिपी - Lahori Aloo (Recipe In Hindi),257
Lemongrass Coconut Rice Recipe,258
शिमला मिर्च पनीर भुर्जी रेसिपी - Paneer Bhurji Recipe With Capsicum (Recipe In Hindi),259
Chilli Baby Corn (Manchurian) Recipe,260
गोअन चना रोस रेसिपी - Goan Chana Ros (Recipe In Hindi),261
कवाती रेसिपी - Nepali Beans Soup (Recipe In Hindi),262
Thalipeeth Bhajani Recipe -Typical Maharashtrian Multigrain Flour Mix,263
Avarekaalu Usli (Broad Bean In Gravy) Recipe,264
Bhindi With Cashews & Coconut Sabzi Recipe,265
Konkan Style Vali Bhajji Ambat Recipe-Spiced Malabar Spinach Dal,266
Garlic Naan Without Yeast Recipe,267
Arbi Ka Saag Recipe,268
Butter Garlic Naan Recipe - Garlic Flavoured Flatbread,269
लहसुनि दाल रेसिपी - Garlic Dal (Recipe In Hindi),270
Tamter Wangun Recipe,271
Baingan Methi Ka Bharta Recipe with Pomegranates,272
Easy Potato Kurma Recipe,273
Suva Methi Baingan Sabzi Recipe ( Eggplant in Dill and Methi leaves Curry Recipe),274
आलू अमृतसरी रेसिपी - Aloo Amritsari (Recipe In Hindi),275
Karela Aur Baingan Ki Sabzi Recipe - Bitter Gourd Brinjal Sabzi,276
Thatta Payaru Sambar Recipe - Black Eyed Beans Sambar,277
केरला स्टाइल वेदक्कै पछड़ी रेसिपी - Kerala Style Vendakkai Pachadi (Recipe in Hindi),278
Sobji Diye Bhaja Muger Dal Recipe - Bengali Style Moong Dal with Winter Vegetables,279
Rajasthani Ghasela Recipe (Besan Ka Pitta),280
गोभी स्टू रेसिपी - Cauliflower Coconut Milk Stew (Recipe In Hindi),281
Urulaikizhangu Podi Poriyal Recipe (Spicy Potato Sabzi from Tamil Nadu),282
Sweet Potato And Broccoli Sabzi Recipe,283
Pudina Quinoa Recipe,284
बंगाली स्टाइल शाक भाजा रेसिपी - Stir Fried Green Amaranth Leaves (Recipe In Hindi),285
Gujarati Vaghareli Mag Recipe - Whole Green Moong Dal Sabzi Recipe,286
Konkani Style Sol Kadhi Recipe - Kokum Flavored Coconut Curry,287
Chilli Cheese Paratha Recipe,288
मूलांगी तौव्वे रेसिपी - Moolangi Tovve Recipe,289
Kongunadu Kathirikai Rasam Recipe - Spicy & Tangy Eggplant Rasam,290
बीटरूट पोरियल रेसिपी - Beetroot Poriyal (Recipe In Hindi),291
Mushroom Methi Brown Rice Recipe,292
Barnyard Millet Bisi Bele Bath Recipe,293
Maharashtrain Amti Recipe,294
अचारी पनीर रेसिपी - Spicy Pickled Paneer Gravy (Recipe In Hindi),295
Karnataka Style Avarekalu Huli Saru Recipe (Field Beans in a Coconut based Gravy Recipe),296
गोबी के कोफ्ते रेसिपी - Gobi Ke Kofte (Recipe In Hindi),297
मटर कीमा रेसिपी - Matar Keema (Recipe In Hindi),298
सिंधी कढ़ी रेसिपी - Sindhi Kadhi (Recipe In Hindi),299
तोगरिकायी उसली रेसिपी - Togarikaayi Usli Recipe,300
Kothavarangai Poriyal Recipe - South Indian Style Cluster Beans Sabzi,301
Kachcha Kela Masala Sabzi Recipe (Raw Banana with Tomatoes & Spices),302
गोअन मूलयाचो रोस रेसिपी - Goan Moolyacho Ross,303
Coconut Chia Pudding Recipe,304
Rajasthani Gatte Ka Pulao Recipe,305
Carrot And Capsicum Rice Recipe,306
South Indian One Pot Sambar Rice Recipe,307
Bajri Ki Roti Recipe,308
Chole Capsicum Masala Recipe,309
Konkani Style Mooga Ghushi Recipe-Sprouted Whole Green Gram In Tangy Coconut Gravy,310
Mambazha Pulissery Recipe - Mango Mor Kuzhambu Recipe,311
Mangalorean Style Sonay Sukka Recipe - Dry Chickpea Stir Fry,312
Masala Mixed Sprouts Sandwich Recipe,313
"Beetroot, Sweet Potato And Oatmeal Cutlet Recipe",314
Punjabi Lobia Masala Recipe (Punjabi Style Black Eyed Beans Curry),315
Karnataka Style Sorakkai Palya Recipe - Karnataka Style Bottle Gourd Sabzi,316
Pepper Mushroom Stir Fry Recipe,317
Kashmiri Phool Rogan Josh Recipe - Cauliflower in Red Curry,318
Bengali Style Labra Recipe - Mix Vegetable Sabzi,319
दाल बनजारा रेसिपी - Dal Banjara (Recipe In Hindi),320
Sweet Potato & Neem Leaves Vegetable Curry Recipe,321
Kashmiri Style Chokh Vangun Recipe - Baingan Masala,322
Vazhakkai Varuval Recipe- Raw Banana Roast Recipe,323
पेशावरी काला चना रेसिपी - Peshawari Kala Chana (Recipe In Hindi),324
Karwar Style Kairichi Udid Methi Recipe (Raw Mango Methi Curry),325
Chow Chow Sambar Recipe (Chayote Squash Sambar),326
Goan Sorak Curry Recipe,327
Danyachi Amti Recipe (Maharashtrian Style Groundnut Curry),328
Pacha Payir Kulambu Recipe (South Indian Style Green Gram Curry),329
Thandu Keerai Poriyal Recipe - Amaranth Leaves Stir Fry,330
Kovakka Thoran (Poriyal) Recipe,331
Jowar Atta Roti Recipe - Sorghum Wheat Phulka Recipe,332
Pavakkai Poriyal Recipe - Karela Ki Sabzi,333
माँगा ओगरे रेसिपी - Manga Ogre Recipe,334
लोबिया मसाला रेसिपी - Lobia Masala Recipe,335
Paneer Makhana Gulgule Chaat Recipe - No Onion No Garlic,336
पालक चना दाल रेसिपी - Palak Chana Dal Recipe,337
Shikampuri Kebab Recipe - Kebabs made with Brown Chickpeas,338
Dum Ke Baingan Recipe,339
Chettinad Poondu Rasam Recipe | Spicy Garlic Rasam,340
Bonda Mor Kuzhambu Recipe,341
Chana Turai/Nenua Chana Sabzi Recipe (Ridge Gourd with Black Chana Recipe),342
Lahsuni Paneer Recipe - Paneer Flavoured With Garlic,343
Kandathippili Rasam Recipe - Long Pepper Rasam,344
"Sweet Potato, Broccoli And Tofu Curry Recipe",345
Capsicum Masala Poriyal Recipe (South Indian Style Bell Pepper Stir Fry),346
Pudina Rice Recipe,347
Kathal Masaledar Sabzi Recipe - Jackfruit Masala Sabzi,348
Achari Aloo Sabzi Recipe - Potatoes In Spicy Pickle Masala,349
Palak Paneer Bhurji Recipe -Spiced Cottage Cheese Scramble With Spinach Recipe,350
Jain Style Dal Makhani Recipe,351
Adraki Rajma Masala Recipe - Rajma Masala Recipe,352
Paneer Kundan Kaliyan Recipe,353
Tamatar Wali Arbi Sabzi Recipe,354
Kathirikai Urulai Kizhangu Kara Kuzhambu Recipe,355
Masala Akki Roti Recipe - Spicy Rice Flour Flatbread,356
Kongunadu Special Pattani Biryani Recipe (Green Peas Biryani From Kongunadu),357
Jowar Garlic Naan Recipe- Healthy Sorghum Naan,358
Allahabadi Tehri Recipe (UP Style Vegetable Rice),359
Kale Chane Ki Kadhi Recipe - Black Chickpea Kadhi,360
Vendakkai Poriyal Recipe (South Indian Style Okra Stir Fry Spiced With Sambar Powder),361
Cabbage Besan Fry Recipe,362
Jeera Rice Recipe - Cumin And Ghee Flavored Rice,363
Raw Jackfruit Kofta Curry Recipe - Kathal Kofta Curry Recipe,364
Vegetable Biryani Recipe With Chatpata Aloo,365
Farali Aaloo Pattice Recipe,366
North Arcot Special Godumai Rava Puliyodharai Recipe - Broken Wheat/Dalia Puliogare,367
Ringan Methi Nu Shaak Recipe - Gujarati Style Eggplant & Fenugreek Leaves Sabzi,368
Manipuri Style Sana Thongpa Recipe-Paneer and Green Beans in Milk Gravy Recipe,369
Brinjal Mor Kuzhambu Recipe,370
Arbi Ke Kebab Recipe (Spicy Colocasia Kebab) Recipe,371
Ragi Wheat Phulka Recipe- Diabetic Friendly Ragi Roti,372
Bhugi Dal Paratha Recipe - Moong Dal Paratha,373
Gujarati Wadi Pulao Recipe,374
खट्टा मीठा लौकी करी रेसिपी - Tangy and Sweet Bottle Gourd Curry (Recipe In Hindi),375
Carrot Paruppu Usili Recipe - Steamed Lentils Crumbled With Carrots,376
Bharwa Baingan Aur Pyaaz Ki Sabzi Recipe - Roz Ka Khana With Figaro Olive Oil,377
Dahi Suran Ki Sabzi Recipe (Stir Fried Yam in Dry Yogurt Curry Recipe),378
Goan Style Tonak Alsanyache Recipe (Black eyed beans cooked in Tonak Masala Recipe),379
Homemade Paneer Recipe,380
Avarekalu Tikki Recipe,381
Andhra Style Pappu Charu Recipe (Lentil Soup Style Curry),382
Chettinad Beetroot Kurma Recipe,383
Palak Chole Recipe (Spinach & Chickpea Curry),384
Kondai Kadalai Puli Kuzhambu Recipe -Tangy South Indian Kala Chana Curry,385
Matar Masala Recipe - Peas In Onion Tomato Gravy,386
Aloo Gajar Matar Sabzi Recipe,387
Pudalangai Poriyal Recipe  - Snake Gourd Poriyal Recipe,388
पेशावरी छोले रेसिपी - Peshawari Chole (Recipe In Hindi),389
कद्दू की सब्ज़ी रेसिपी - Pumpkin Sabzi With Panch Phoron Masala (Recipe In Hindi),390
Bajra Aloo Paratha Recipe,391
Crunchy Carrot Peanut Raita Recipe - Gajar Moongphali Raita,392
Carrot Lemon Rice Recipe,393
Mushroom Biryani Recipe,394
Gawar Ki Sabzi Recipe - Cluster Beans Curry,395
गोअन मशरुम विंडालू रेसिपी - Goan Style Mushroom Vindaloo (Recipe In Hindi),396
Milagu Jeera Curry Leaf Sadam Recipe,397
Masala Vada Curry Recipe - Chana Dal Vada Curry Recipe,398
Punjabi Kadhi Pakora Recipe - Delicious Punjabi Kadhi,399
Red Lentil Curry Without Coconut Recipe,400
Aloo Gobi Sabzi Recipe - Potato And Cauliflower Dry Curry,401
No Onion No Garlic Lauki Paneer Kofta Curry Recipe,402
Ulundogorai - Spicy Urad Dal flavoured Rice (for Prashad & Naivedyam) Recipe,403
Malwani Pumpkin And Raw Mango Curry Recipe,404
खट्टी कद्दू की सब्ज़ी रेसिपी - Tangy Tamarind Pumpkin Curry (Recipe In Hindi),405
Kashmiri Style Chaman Recipe-Qaliya Cottage Cheese Curry,406
Andhra Style Bangaladumpa Vepudu Recipe - Potato Fry Recipe,407
राबोडी शिमला मिर्च की सब्ज़ी रेसिपी - Rajasthani Curry with Corn Papad (Recipe In Hindi),408
अवधी खट्टी अरबी का सालन रेसिपी - Awadhi Style Khatti Arbi Ka Salan (Recipe In Hindi),409
Indian Spiced Brussel Sprouts Sabzi Recipe (Brussel Sprouts Stir Fry),410
Moong Matar Kebab Recipe - Green Lentil And Peas Kebab,411
Baby Corn and Green Peas Sabzi Recipe,412
Veg Tunday Kabab Recipe,413
दही वाले आलू रेसिपी - Dahi Wale Aloo (Recipe In Hindi),414
करामानी पोरियल रेसिपी - Karamani Poriyal (Recipe In Hindi),415
चाउ चाउ करी रेसिपी - Chow Chow Curry Recipe,416
Roasted Bell Pepper Rasam Recipe,417
Punjabi Style Lobia Masala Recipe (Black Eyed Peas Masala),418
मूंगफली की करी रेसिपी - Peanut Curry (Recipe In Hindi),419
Andhra Style Munakkada Masala Kura Recipe - Drumstick Dry Curry Recipe,420
Kasuri Methi Chole Recipe,421
Dal Vangi Recipe - Spicy Lentils with Roasted Eggplant,422
कोवक्का थोरन रेसिपी - Kovakka Thoran (Recipe In Hindi),423
Whole Wheat Beetroot Paratha Recipe,424
Karwar Style Khatkhate Recipe (Mixed Vegetable Curry With Toor Dal & Coconut),425
Khatti Meethi Mirchi Ki Sabzi Recipe,426
Palak Kichdi Recipe,427
हरी मिर्च की सब्ज़ी रेसिपी - Green Chilli Vegetable (Recipe In Hindi),428
Paneer Pyaz Paratha Recipe,429
Spicy Coconut Peanut Stuffed Baby Brinjal Recipe,430
आलू पोतोल पोस्तो रेसिपी - Aloo Parwal In Poppy Seed Masala (Recipe In Hindi),431
Bengali Posto Porota Recipe (Spiced Poppy Seed Parathas),432
Kashmiri Style Dum Oluv Recipe - Dum Aloo Recipe,433
Tamil Nadu Style Karamani Murungakkai Kuzhambu Recipe-Black eyed Beans & Drumstick Curry,434
Mughlai Style Aloo Matar Gobi Gravy Recipe,435
Aloo Subz Dum Biryani Recipe,436
Methi Sprouts Salad Recipe - Healthy & Tasty Diabetic Snack,437
Hunase Saaru Recipe - Mysore Style Spicy Tamarind Rasam,438
Mixed Vegetable Handi Recipe,439
Pita Saga Bati Basa Recipe,440
Mint Coriander Spice Pulao Recipe,441
Chettinad Kathirikai Chops Recipe - Brinjal Curry for Biryani,442
Konkan Style Modachya Moongachi Amti Recipe-Sprouted Moong Bean Curry,443
बटाटा नु शाक रेसिपी - Batata Nu Shaak (Recipe In Hindi),444
Paneer Raw Mango Curry Recipe,445
छेना उप्पेरि रेसिपी - Eggplant Foot Yam Stir Fry Recipe,446
Hara Pyaz Paratha Recipe - Spring Onion Paratha Recipe,447
Shahi Dal Recipe,448
निम्बू पुदीना कढ़ी पत्ता शिकंजी रेसिपी - Lemon Pudina Curry Leaf Shikanji Recipe in Hindi,449
गाजर शिमला मिर्च दाल रेसिपी - Carrot And Capsicum Mix Dal Recipe,450
आलू विंडालू रेसिपी - Potato Vindaloo Recipe,451
Panchmel Dal Recipe | Rajasthani Dal | Panchkuti Dal,452
पहाड़ी स्टाइल फनु रेसिपी - Pahari Style Phanu Recipe,453
चनार दालना रेसिपी - Chanar Dalna (Recipe In Hindi),454
Kerala Style Eggplant Curry Recipe,455
Carrot Puree Recipe - First Food For Babies,456
Cranberry Whole Wheat Naan Recipe,457
Methi Masoor Dal Recipe With Whole Masoor,458
Karnataka Style Badnekayi Mosaru Gojju Recipe,459
लोबिया मसाला रेसिपी - Lobia Masala (Recipe In Hindi),460
Whole Wheat Methi Garlic Naan Recipe  | Oven Method with yeast,461
Hariyali Paneer Tikka Masala Gravy Recipe -No Onion No Garlic Recipe,462
Gavar Pumpkin Sabji Recipe,463
Whole Wheat Spinach Paneer Lifafa Paratha Recipe,464
Himachali Khatta Recipe (Tangy Black Chickpea Curry),465
Burnt Garlic Mushroom Fried Rice Recipe,466
अचारी बैंगन भरता रेसिपी - Achari Baingan Bharta (Recipe In Hindi),467
दाल कबीला रेसिपी - Dal Kabila Recipe,468
One Pot Tomato Rice Recipe Using Preethi Electric Pressure Cooker - Thakkali Sadam,469
Aloo Beans Sabzi Recipe - Potato & Beans Stir Fry,470
Hunase Gojju Recipe,471
Kadai Mushroom Recipe,472
Maharashtrian Style Farasbi Chi Bhaji Recipe - Beans Cooked With Peanuts,473
Maize Daliya Khichri Recipe,474
Spiced Beetroot Buttermilk Recipe,475
Pumpkin Chapati Recipe,476
Soya Chunks Pepper Curry Recipe,477
Buttered Peas Puree Recipe For Babies Above 6 months,478
Sprouted Ragi & Rajma Cutlets Recipe,479
Paneer in White Gravy Recipe - No Onion No Garlic Recipe,480
Thor Chal Recipe - Banana Stem Pulao Recipe,481
Stuffed Karela With Aloo Recipe,482
Spicy Soya Keema Masala Recipe,483
Kothamalli Karuveppilai Sadam Recipe - Coriander And Curry Leaves Rice,484
Senai Kizhangu Gotsu Recipe - Spicy & Tangy Yam Curry Recipe,485
Mughlai Fish Curry Recipe,486
Bengali Style Mixed Vegetable Sweet Pilaf Recipe,487
Karnataka Style Obbattu Saaru Recipe - Sweet & Spicy Rasam Recipe,488
Methi & Pudina Aloo Sabzi Recipe,489
Parsi Style Baingan Capsicum Ka Salan Recipe,490
Instant Chilli Pickle Recipe,491
Rawalpindi Style Chole Recipe,492
Achari Kaddu Ki Sabzi Recipe,493
Veg Makhanwala Recipe - North Indian Mixed Vegetables Gravy,494
Sindhi Style Besan Tikki Ki Sabzi Recipe,495
Spicy Matar Masala Recipe,496
Andhra Style Davva Aava koora Recipe (Sweet and Spicy Banana Stem Peanut Curry Recipe),497
Spinach Khandvi Recipe - Savory Gram Flour Pinwheels With Spinach,498
Spiced Onion Pulao Recipe - Pyaz Pulao Recipe,499
Curd Rice With Carrots Recipe,500
Hyderabadi Khatti Dal Recipe (Hyderabadi Tangy Lentil Curry),501
Singhara Atta Cheela Recipe (No Onion No Garlic Navratri Fasting/Vrat Recipe),502
Spicy Tomato Rice - Tomato Pulihora Recipe,503
Bengali Holud Mishti Pulao Recipe - Saffron Flavored Rice With Nuts,504
Chotti Aloor Dum Recipe - Baby Potatoes In Tomato Gravy,505
Mooli Bhurji Recipe,506
Bisi Bele Bath Recipe - A Spicy Mixed Vegetable Sambar Rice,507
Karnataka Style Hurali Kalu Saaru Recipe,508
Beerakaya Tomato Koora Recipe (Andhra Style Ridge Gourd Curry),509
Amritsari Gobi Matar Recipe (Punjabi Style Creamy Cauliflower and Peas Curry),510
Congress Buns Recipe,511
Methi Moong Dal Recipe - Healthy Diabetic Friendly Recipe,512
Andhra Vankaya Fry Recipe With Peanuts - Brinjal Peanut Sabzi,513
One Pot Masala Vegetable Rice Recipe,514
Raw Mango Puliyogare Gojju Recipe With Peanuts,515
Stuffed Bharwa Tinda Recipe (Stuffed Apple Gourd),516
Tadkewali Masoor Dal Khichdi Recipe With Garlic & Onions,517
Maharashtrian Kulith Shengole Recipe - Spicy Horse Gram Flour Dumplings,518
Paruppu Urundai Mor Kuzhambu Recipe(Lentil Balls in Yogurt Curry),519
Himachal Pahari Style Teliah Mah Recipe (Brown Horse Gram Curry),520
Arbi Ajwain Ki Sabzi Recipe (Roasted Colocasia Stir Fry With Ajwain),521
Barnyard Millet Mushroom Biriyani Recipe,522
Orange Peel Kuzhambu Recipe - Orange Peel Tamarind Based Curry,523
Puliyodharai / Puliyogare Recipe (using Millets),524
Maharashtrian Masale Baath Recipe - Spicy Vegetable Rice with Goda Masala,525
Karnataka Style Badanekai Yennegai Gojju Recipe (Stuffed Brinjal Recipe),526
निरामिष आलू दम रेसिपी - Niramish Aloo Dum Sabzi (Recipe In Hindi),527
पत्ता गोभी थोरन रेसिपी - Cabbage Thoran/Poriyal Recipe,528
गाजर और बीन्स का थोरन रेसिपी - Carrot and Beans Thoran (Recipe In Hindi),529
Masoor Dal Aur Rajma Masala Recipe,530
Dhaba Style Green Moong Dal Tadka Recipe,531
Goan Pumpkin Sabzi Recipe,532
Spicy Schezwan Vegetable Noodles Recipe,533
Maharashtrian Style Kakdichi Amti (Cucumber Gravy Recipe),534
No Onion And No Garlic Aloo Gajar Matar Ki Sabzi Recipe,535
Veg Chilli Milli Recipe,536
Kathal Biryani Recipe- Raw Jackfruit Biryani Topped with Caramelised Onions,537
अरहर की दाल रेसिपी - Arhar Ki Dal with Lahsun Tadka (Recipe In Hindi),538
आलू गाजर की सब्ज़ी रेसिपी - No Onion No Garlic Aloo Gajar Ki Sabzi (Recipe In Hindi),539
Bhoplyache Gharge Recipe (Maharashtrian Style Sweet Pumpkin Puris),540
Sama Khichdi Recipe - Barnyard Millet Khichdi -Navratri Fasting - Vrat Recipe,541
Paneer Kulcha Recipe-Cottage Cheese Stuffed Leavened Flatbread,542
पुदीना मूंग दाल रेसिपी - Pudina Moong Dal (Recipe In Hindi),543
मूंग दाल सुखी सब्ज़ी रेसिपी - Moong Dal Sookhi Sabzi (Recipe In Hindi),544
ढाबा स्टाइल हरी मूंग दाल तड़का रेसिपी - Dhaba Style Green Moong Dal Tadka (Recipe In Hindi),545
मेथी मटर पुलाव रेसिपी - Methi Matar Pulao (Recipe In Hindi),546
Spicy Rice Stuffed Paratha Recipe,547
ब्रोकली पनीर और मूंगफली मसाला रेसिपी - Broccoli Paneer And Peanut Masala (Recipe In Hindi),548
Tamil Nadu Style Ulundhu Kuzhambu Recipe - Black Lentil Curry,549
Stuffed Capsicum With Sweet Potato Recipe,550
Chettinad Style Puliyogare Gojju Recipe,551
Moong Sprouts Pulao Recipe,552
Bajra Kaddu Ki Roti Recipe - Bajra Pumpkin Roti Recipe,553
मूली की सब्ज़ी रेसिपी - Mooli Ki Sabzi (Recipe In Hindi),554
मुलाकुतल रेसिपी - Vegetables In Coconut Gravy (Recipe in Hindi),555
Andhra Style Pulihora Recipe (Spicy & Tangy Tamarind Rice),556
पंजाबी स्टाइल टिंडा सब्ज़ी रेसिपी - Punjabi Style Tinda Sabzi Recipe,557
Pudina Rasam Recipe - Mint Leaves Rasam,558
Makai Wali Bhindi Recipe,559
Broccoli Capsicum Pulao Recipe,560
Kathirikai Poondu Pirattal Recipe - South Indian Style Brinjal Stir Fry With Garlic,561
Bengali Aloo Jhinge Posto Curry Recipe (Potato and Ridge Gourd Curry),562
Bhogichi Bhaji Recipe (Maharashtrian Mixed Vegetable Stir Fry),563
Mangalore Cucumber Chana Dal Subzi Recipe,564
Mushroom Curry Recipe,565
वाघरेला चावल रेसिपी - Vagharela Chawal Recipe,566
अवधी स्टाइल तहरी रेसिपी - Awadhi Style Taheri (Recipe In Hindi),567
Besan Katli Ki Sabzi Recipe,568
Bengali Style Khichuri Aar Labra Recipe-Khichdi And Mixed Vegetables,569
Mulangi Thoran Recipe - Radish Stir Fry With Coconut,570
Bellada Coffee Recipe With Milk (Karnataka Style Filter Coffee With Jaggery),571
कढ़ी पकोड़ा रेसिपी - Kadhi Pakoras (Recipe In Hindi),572
सेनाइ किजहांगु वरुवल रेसिपी - Senai Kizhangu Varuval Recipe,573
Tamatari Chole Recipe,574
Horsegram Dal Recipe - Kulith/Kollu Dal,575
Kobbari Charu Recipe - Coconut Milk & Dal Sambar Recipe,576
Malai Kofta Curry Recipe - Creamy and Healthy Paneer Aloo Kofta Curry,577
Achari Masala Powder Recipe,578
Konkani Style Alasande Randayi Recipe-Black Eyed Beans and Yam Gravy,579
Moolangi Tovve Recipe - Radish Curry,580
आलू शिमला मिर्च की सब्ज़ी रेसिपी - Aloo Simla Mirch Ki Sabzi (Recipe In Hindi),581
Carrot And Broccoli Poriyal Recipe,582
Dhaba Style Dal Fry Recipe,583
Chow Chow Milagu Kootu Recipe-Chayote Squash Cooked in Peppery Lentil Curry,584
Cheese Garlic Naan Recipe,585
Paneer Biryani Recipe,586
Tamil Nadu Style Paneer Kurma Recipe,587
Pudina Buttermilk Recipe,588
Kashmiri Paneer Gravy Recipe,589
काबुली चना सूप रेसिपी - Chickpea Soup Recipe,590
Watermelon Rasam Recipe,591
Bannada Saute Majjige Huli Recipe (Malabar Cucumber Mor Kuzhambu),592
मटर मसाला रेसिपी - Matar Masala Recipe,593
Kumror Chokka Recipe - Kaddu Kala Chana Sabzi | Pumpkin Chickpea Curry,594
"Oats, Peas & Tofu Stuffed Paratha Recipe",595
Vadyancho Ross Recipe (Ash Gourd Chips Curry),596
तीखा आलू रोस्ट रेसिपी - Spicy Potato Roast Recipe (Recipe In Hindi),597
Sichuan Dan-Dan Noodles Recipe (Sesame Noodles With Crispy Tofu Recipe),598
सोया चंक्स सब्ज़ी रेसिपी - Soya Chunks Sabzi (Recipe In Hindi),599
वेज मक्खनवाला रेसिपी - Veg Makhanwala Recipe,600
Goan Vegetable Curry Recipe,601
Rajasthani Kadhi Recipe,602
Dal Vada with Oats and Vegetable Recipe,603
महाराष्ट्रियन वरन फाल रेसिपी - Maharastrian Varan Phal Recipe,604
"Gujarati Badshahi Pulao Recipe - A Rich Preparation Of Rice, Vegetables, Nuts And Spices",605
Raw Banana Thoran Recipe,606
Creamy Kulfi Kebab Recipe With Tandoori Mayo Recipe,607
Moong Dal Sookhi Sabzi Recipe,608
ब्रोकली और आलू पोरियल रेसिपी - Broccoli And Aloo Poriyal Recipe (Recipe In Hindi),609
Bengali Chapor Ghonto Recipe-Moong Dal With Vegetables,610
Simple Steamed Indian Beet Salad Recipe,611
पम्पकिन दाल लहसुनि तड़के के साथ रेसिपी - Pumpkin Dal With Garlic Tadka (Recipe In Hindi),612
Nawabi Mixed Vegetable Gravy Recipe,613
Lobia Kebabs Recipe (Black Eyed Bean Patties),614
Peshawari Kala Chana Recipe,615
Peas Pulao Recipe -  North Indian Matar Pulao,616
हरा धनिया पराठा रेसिपी - Hara Dhania Paratha Recipe,617
Gulachi Poli Recipe (Jaggery And Poppy Seeds Stuffed Paratha),618
Dubki Wale Aloo Recipe - Potatoes In A Spicy North Indian Gravy,619
Paruppu Urundai Rasam Recipe - Dal Dumpling Rasam,620
Chinna Vengaya Puli Kuzhambu Recipe (Spicy Tangy Baby Onion Curry),621
How To Make Homemade Almond Flour Recipe,622
Arachuvitta Sambar Recipe - Sambar With Fresh Ground Spices,623
राबोडी की सब्ज़ी रेसिपी - Rabodi Ki Sabzi (Recipe In Hindi),624
Maharastrian Batatyachi Bhaji Recipe-Quick and Simple Aloo Sabzi,625
Gopalkala Recipe - Janmashtami Special),626
Peach Lassi Recipe - Peach Yogurt Smoothie,627
Malabar Parotta Recipe - Kerala Parotta Recipe,628
Lahori Aloo Recipe,629
Tangy Tamarind Pumpkin Curry Recipe,630
Andhra Style Aratikaya Vepudu Recipe - Raw Banana Dry Sabzi,631
Rajasthani Dal Recipe,632
Bhindi Masala Curry Recipe,633
Matar Masala Tofu Recipe,634
Broccoli And Aloo Lifafa Paratha Recipe,635
Tawa Tandoori Roti Recipe,636
Stuffed Capsicum Makhani Recipe,637
Broken Wheat And Green Moong Khichdi Recipe,638
Moroccan Baked Fish Recipe,639
Chickpea Tikka Masala Recipe,640
Vellarikka Kosumalli Recipe- South Indian Style Cucumber Salad,641
Baked Amritsari Kulcha Recipe (Without Yeast),642
North Indian Chawli ki Sabzi Recipe | Yard Long Beans | Barbati | Karamani,643
Roasted Coriander Potatoes With Thyme Recipe,644
"Methi Makhana Mutter Korma Recipe - Methi, Green Pea & Lotus Seeds Curry",645
Foxtail Millet Lemon Rice Recipe-Elumichai Thenai,646
Spicy Sweet Corn & Oat Fritters Recipe - Corn Masala Vada,647
Chilli Paneer Recipe -Indo Chinese,648
Chatpata Kala Chana Pakora Roll/ Frankie Recipe,649
Seppakizhangu Roast (South Indian Style Arbi Fry) Recipe,650
Tulsi And Betel Leaves Rasam Recipe,651
Khichdi With Fresh Spices Recipe,652
Stuffed Masala Aloo Naan Recipe Made Without Oven,653
Palak Tambuli Recipe (Udupi Style Spinach Tambli),654
Semiya Biryani Recipe,655
Apple Puree Recipe (Baby Food - 4 months onwards),656
Nawabi Tawa Paratha Recipe,657
Niramish Aloo Dum Recipe,658
Kerala Style Tomato Fry Recipe,659
Mangalore Style Nurge Gashie Recipe-Spicy Drumstick Curry,660
Crispy & Spicy Paneer Starter Recipe,661
Aloo Amritsari Recipe,662
Chapor Ghonto Recipe (Bengali Mix Vegetable With Lentils Patties),663
Awadhi Style Chickpea Kofta Biryani Recipe,664
Dry Chilli Baby Corn Recipe (Indian Chinese Style Recipe),665
Kela Matar ki Sabzi Recipe - Raw Banana Green Peas Stir Fry,666
Paalkatti Chettinad Curry Recipe -Chettinad Style Paneer Kurma Recipe,667
Mango Shikanji Recipe - Chatpata Mango Spritzer,668
Cauliflower Kurma (Tamil Nadu Restaurant Style Cauliflower Chops) Recipe,669
Kerala Pumpkin Black Eyed Beans Erissery Recipe,670
Fennel Turmeric Walnut Soup With Apple And Raw Mango Recipe,671
South Indian Style Vegetable Kurma Recipe,672
Karnataka Style Bassaru Recipe - Dill flavored Coconut Rasam,673
Spicy Cabbage Rice Recipe (South Indian Style Mutta Kose Sadham Recipe),674
दाल वांगी रेसिपी - Dal Vangi Recipe,675
Mulakootal Recipe (Vegetables In Coconut Gravy),676
Elaneer Rasam Recipe - Tender Coconut Rasam,677
Green Beans Fry Recipe,678
पालक बैंगन की सब्ज़ी रेसिपी - Palak Baingan Ki Sabzi (Recipe In Hindi),679
मालवानी कुरकुरी भिंडी रेसिपी - Malvani Kurkuri Bhindi Recipe,680
कथीरिकै पुंडु पिरात्तल रेसिपी - Kathirikai Poondu Pirattal Recipe,681
केगरी पिरात्तल रेसिपी - Chettinad Style Mixed Vegetable Recipe,682
Sindhi Tidali Dal Recipe,683
"Mushroom, Paneer And Soya Chunk Samosa Recipe",684
Khatte Pudina Aloo Recipe - Tangy Mint Potatoes,685
Crispy Amla Gawar Phali Sabzi Recipe,686
Narangi Pulao Recipe  - Orange Flavoured Rice,687
Parwal Masala Recipe - No Onion No Garlic Recipe,688
Vazhaipoo Podimas Recipe  - Banana Flower Poriyal/ Sabzi,689
Chow Chow Verkadalai Masala Curry Recipe - Chayote Peanut Poriyal Recipe,690
Pazhutha Manga Pachadi Recipe - Kerala Style Ripe Mango Curry,691
Goan Style Mushroom Shagoti Recipe,692
Vagharelo Bhaat Recipe - Gujarati Masala Rice,693
No Onion No Garlic Raw Tomato Sabzi Recipe,694
Kumaoni Style Palak & Methi Ka Kapa Recipe,695
पका केला की सब्ज़ी रेसिपी - Paka Kela Ki Sabzi (Recipe In Hindi),696
सोया चंक्स मसाला रेसिपी - Soya Chunks Masala in Coconut Milk (Recipe  In Hindi),697
Chikkudukaya Vepudu Recipe-Broad Beans Masala Poriyal,698
Bendekaayi Gojju (Lady Finger In Coconut Curry) Recipe,699
गाजर मेथी पचड़ी रेसिपी - Carrot Methi Pachadi (Recipe In Hindi),700
Tomato Quinoa Recipe  - With A South Indian Twist,701
Chamadumpa Vepudu Recipe - Andhra Style Colocasia Stir Fry,702
Savoury Oatmeal Porridge Recipe,703
Mushroom Poha Cutlets Recipe,704
Whole Wheat Lachha Paratha Recipe-Multilayered Layered Indian Flat Bread,705
आलू भिन्डी की सब्ज़ी रेसिपी - Spicy Potatoes and Lady's Finger Stir Fry (Recipe In Hindi),706
Soft & Delicious Ragi Mudde Recipe - Karnataka Style Ragi Balls,707
Arbi Shimla Mirch Sabzi Recipe – Colocasia Capsicum Sabzi,708
चमन कालिया रेसिपी - Chaman Qaliya (Recipe In Hindi),709
मिलागु सदम रेसिपी - Milagu Sadam (Recipe In Hindi),710
चनार पतुरी रेसिपी - Chanar Paturi (Recipe In Hindi),711
Tirunelveli Sodhi Kuzhambu Recipe - Mixed Vegetable Stew,712
Amtekai Gojju Recipe - Indian Hog Plum Curry,713
Makhana Moongphali Ki Kadhi Recipe - Navratri Fasting/Vrat Recipe,714
Sindhi Dharan Ji Kadhi Recipe - Besan Tikkis In Tomato Gravy,715
Chinese Spiced Noodle Cutlets Recipe,716
Bloomed Potato Cheesy Muffins Recipe,717
सरसों वाली आलू भिंडी की सब्ज़ी रेसिपी - Aloo Bhindi (Recipe In Hindi),718
Indian Style Kala Chana Salad Recipe,719
No Onion No Garlic Oriya Style Moong Dalma Recipe,720
Spicy Eggplant & Capsicum Curry (Indo-Chinese Fusion Recipe),721
Thakkali Gotsu Recipe | Thakkali Curry | Spicy & Tangy Tomato Gravy,722
Dal Fry Recipe,723
Raw Banana Bajji Recipe- Balekai Bajji | Vazhakkai Bajji,724
Tofu Masala Rice Recipe (Tofu Pulao),725
Layered Paneer Butter Masala Biryani Recipe,726
Spicy Aloo Naan Recipe,727
Chole Pindi Recipe (Spicy Chickpea Curry),728
Traditional Amritsari Chole Recipe | Punjabi Chole Masala,729
Palak Pappu Recipe - Andhra Style Palakura Pappu - Dal Palak,730
Tok Dal Recipe (Bengali Style Masoor Dal),731
बिहारी स्टाइल बैंगन का चौखा रेसिपी - Bihari Style Baingan Ka Chokha (Recipe In Hindi),732
Sindhi Dal Pakwan Recipe - A Delicious Sindhi Breakfast,733
Chilli Paneer Momo Recipe,734
पाइनएप्पल जल जीरा रेसिपी - Pineapple Jal Jeera Recipe,735
Achari Paneer Masala Recipe,736
Murungai Keerai Sambar Recipe - Drumstick Leaves Sambar,737
Methi Turai Ki Sabzi (Fenugreek Leaves And Ridge Gourd Stir Fry),738
Chettinad Vegetable Pulao Recipe,739
बिना प्याज लहसुन के कच्चे टमाटर की सब्ज़ी रेसिपी - No Onion No Garlic Raw Tomato Sabzi (Recipe In Hindi),740
पालक पप्पू रेसिपी -Spinach Dal (Recipe In Hindi),741
Ridge Gourd Tambli Recipe - Spicy Ridge Gourd in Coconut Curry,742
Tandoori Aloo Tikka Recipe - Indian Spiced Roasted Smoked Potatoes,743
केला बेसनी सब्ज़ी विधि रेसिपी - Kela Besani Sabzi Recipe,744
Amlechi Uddamethi Recipe - Goan Raw Mango Curry,745
Restaurant Style Green Peas Masala Recipe,746
ढाबा स्टाइल दाल फ्राई रेसिपी - Dhaba Style Dal Fry (Recipe In Hindi),747
Bharli Bhendi Recipe - Maharashtrian Style Stuffed Bhindi,748
Pyaz Wali Bhindi Recipe | Bhindi Do Pyaza - Okra Onion Stir Fry,749
Achari Lachha Paratha Recipe-Spicy Indian Style Flaky Bread,750
Multani Kaali Arbi Recipe (Arbi Gravy Style),751
Lemon Pudina Curry Leaf Shikanji Recipe,752
जीरा आलू सब्ज़ी रेसिपी - Jeera Aloo Sabzi (Recipe In Hindi),753
Moongphali Bhindi Recipe - Okra and Peanut Stir Fry,754
Vankaya Gasagasala Kura | Andhra Style Eggplant Poppy Seeds Curry Recipe,755
Kathiyawadi Shaak Recipe,756
Rajasthani Dal Muthiya Recipe,757
Dosakaya Pappu Recipe-Andhra Style Yellow Cucumber Dal,758
भोगिची भाजी रेसिपी - Bhogichi Bhaji (Recipe In Hindi),759
दाल तड़का रेसिपी - Dal Tadka Recipe Flavoured With Lemon And Coriander,760
Murungai Keerai Poriyal With Moong Dal Recipe,761
Goan Mushroom Xacuti Recipe,762
दोंडकई पुली करी रेसिपी - Dondakkai Puli Curry Recipe,763
Corn Stuffed Paratha Recipe,764
Kongunadu Urulai Kurma Recipe (Curried Potatoes from Kongunadu),765
Puli Koozh Recipe - Rice Flour Porridge In Tamarind,766
Soya Pilaf/Pulav Recipe,767
बिना प्याज लहसुन वाली लोबिया की सब्ज़ी रेसिपी - No Onion No Garlic Black Eyed Beans Curry (Recipe In Hindi),768
Vazhaithandu Mor Kootu Recipe (Tamil Nadu Style Banana Stem Recipe),769
Nagori Puri Recipe (Semolina Puri),770
Palak Matar Recipe - Spinach And Green Peas Curry,771
Bengali Style Sheem Poshto Recipe - Flat Beans In Poppy Seeds,772
Awadhi Moong Dal Ki Goli Recipe - Lentil Dumplings In Tomato Gravy,773
Mughalai Shahi Kaju Aloo Ki Sabzi Recipe,774
Mooli And Moong Dal Sabji Recipe,775
Karnataka Style Sandige Huli Recipe (Toor dal dumplings in Gravy Recipe),776
Aloo Methi Sabzi Recipe - Potato Fenugreek Leaves Sabzi,777
Mulyachi Bhaji Recipe - Goan Style Mooli Ki Sabzi,778
Spicy Chickpeas Aloo Salad Chaat Recipe,779
Spinach Corn & Cheese Momo Recipe,780
Beans Matki Bhaji Recipe - Green Beans Moth Beans Sabzi,781
Kerala Style Chena Mezhukkupuratty Recipe - Yam Stir Fry,782
Vegan Malai Gobhi Recipe,783
Khatti Meethi Palak Khichdi Recipe,784
Mushroom Masala With Corn Recipe,785
Lahsuni Palak Dal Recipe (Spinach & Lentil Curry with Garlic),786
Rajasthani Papad Ki Sabzi Recipe,787
Kandarappam Recipe (Chettinad Sweet Appam),788
Orange Rasam Recipe,789
Jodhpuri Kabuli Recipe,790
Hariyali Dum Aloo Recipe - Potatoes In Spinach Mint Curry,791
Moong Dal Tikki Recipe,792
Bharwa Karela Makhani  Recipe - Stuffed Karela Masala Gravy,793
Gobi Ke Kofte Recipe (Cauliflower Fritters In Spicy Gravy),794
Shahi Vegetable Pulao Recipe,795
Chow Chow And Beans Poriyal Recipe,796
Ellu Sadam Recipe - South Indian Style Til Pulao Recipe,797
Chana Pulao Recipe - Spicy Chickpea Pulao,798
Carrot Cauliflower Peas Sabzi Recipe - Gajar Gobi Matar Sabzi,799
Nellikai Rasam Recipe - Whole Gooseberry Rasam,800
Ginger Garlic Tofu Curry Recipe,801
Banarasi Tamatar Chaat Recipe - Spicy Tomato Chaat,802
Jowar Jo Dodo Recipe - Sindhi Sorghum Roti,803
Carrots Dill and Peanut Sadam - South Indian Style Stir Fried Rice,804
Methi Paneer Bhurji Recipe in Creamy Gravy,805
Manipuri Style Karotkhabi Kanghou Recipe - Bitter Gourd & Potato Stir Fry,806
Mung Pani Recipe - Whole Green Mung Soup,807
Sweet Potato And Moong Sprouts Cutlet Recipe,808
Andhra Style Pappu Urumindi Recipe,809
Lentil Dal with Coconut Milk Recipe,810
Bangaladumpa Thalimpu Recipe - Potato Stir Fry,811
Togarikaayi Usli Recipe (Green Pigeon Peas),812
गोअन स्टाइल ब्रिंजल भरता रेसिपी - Goan Style Brinjal Bharta (Recipe In Hindi),813
लहसुनि चकुंदर रसम रेसिपी - Beetroot Garlic Lemon Rasam (Recipe In Hindi),814
Hare Pyaaz Ki Puri Recipe - Spring Onion Puri,815
Panasa Pottu Pappu Koora Recipe - Jackfruit & Dal Curry,816
Muringakka Manga Mulakushyam - Mango & Drumstick Kootu Curry,817
Punjabi Style Moth Beans Dal Recipe (Matki),818
Pyaaz Ki Sabzi Recipe,819
Manjal Poosanikai Sambar Recipe (Yellow Pumpkin in Toor Dal Recipe),820
Indian Style Beetroot Soup Recipe,821
पंजाबी स्टाइल अरबी की सब्ज़ी रेसिपी - Punjabi Style Arbi (Recipe In Hindi),822
Chana Kanghou Recipe - Manipuri Style Kala Chana Sabzi,823
Khandeshi Sev Bhaji Recipe,824
Methi Mushroom Masala Recipe,825
Milagu Sadam Recipe (Instant Pepper Rice),826
Masala Khichia Recipe (Spicy Corn Flour Papad),827
Phalguni Dal Recipe - Bengali Style Red Lentils With Fresh Green Peas,828
Achari Aloo Parwal Sabzi Recipe (Pointed Gourd And Potato Stir Fry In Pickle Spices),829
Punjabi Sabut Moong Ki Dal Recipe (Whole Green Lentils Cooked With Punjabi Spices),830
किनुआ वांगी भात रेसिपी - Quinoa Vangi Bath Recipe,831
Kali Mirch Aloo Bhindi Sabzi - Aloo Bhindi Pepper Fry Recipe,832
Khatti Meethi Lauki Dal Recipe - Sweet & Spicy Bottle Gourd Dal,833
Bihari Karela Aloo Sabzi Recipe,834
Sindhi Tahiri Recipe - Sindhi Style Sweet Rice,835
पारसी बैंगन शिमला मिर्च की सब्ज़ी रेसिपी - Parsi Style Baingan Capsicum Ka Salan (Recipe In Hindi),836
Traditional Bihari Litti Chokha Recipe,837
Karwar NKGSB Style Bharli Vangi Recipe - Brinjal Curry,838
Restaurant Style Paneer Lababdar Recipe,839
Jeera Hing Aloo Recipe - No Onion No Garlic Recipe,840
Cheesy Potatoes Recipe,841
तिल और मूंगफली वाले आलू रेसिपी - Sesame Peanut Potato (Recipe In Hindi),842
Pata Gobi Aur Kele Kofta Curry Recipe - No onion No Garlic,843
Sago Khichdi Recipe (Savory Tapioca Pearls Stir Fry),844
प्याज कुल्चा रेसिपी - Whole Wheat Onion Stuffed Kulcha Recipe,845
Whole Wheat Palak Naan Recipe,846
"Mizoram Inspired Veg Sawhchiar Recipe-Rice Pilaf With Kashmiri Red Chillies, Bay Leaf and Paneer",847
Lal Mathachi Bhaji Recipe - Amaranth Leaves Moong Sprouts Sabzi,848
आलू परवल की सब्ज़ी रेसिपी - Aloo Parwal Sabzi (Recipe In Hindi),849
कश्मीरी वेठ चमन रेसिपी - Paneer in Yogurt Tomato Curry (Recipe In Hindi),850
सफ़ेद अचारी बैंगन रेसिपी - Safed Achari Baingan (Recipe In Hindi),851
Burmese Samosa Soup Recipe,852
Himachali Pahari Auriya Kaddu Recipe - Himachali Tangy Pumpkin Sabzi,853
Goan Style Khatkhatem Recipe (Mixed Vegetable Gravy),854
One Pot Vangi Bath Recipe Using Preethi Electric Pressure Cooker (Brinjal Rice),855
Sakkaravalli Kizhangu Poriyal Recipe - Spicy Sweet Potato Roast,856
Malai Matar Paneer Recipe (Cottage Cheese & Peas In Rich Creamy Gravy),857
Oats Banana And Apple Porridge Recipe For Babies And Toddlers,858
Bengali Luchi Recipe - Bengali Softa Maida Puffed Puri,859
चेटिनाड स्टाइल काली मिर्च मशरुम रेसिपी - Chettinad Style Pepper Mushroom (Recipe In Hindi),860
Brahmin Style Vegetable Kurma Recipe,861
हरे प्याज की पूरी रेसिपी - Hare Pyaaz Ki Puri Recipe,862
वेपम पु रसम रेसिपी - Neem Flower Rasam (Recipe In Hindi),863
Kara Sevai Recipe (Lemon Vermicelli),864
सुखी मेथी मलाई मटर रेसिपी - Dry Methi Malai Matar (Recipe In Hindi),865
Khatua Recipe (Bhojpuri Style Khichdi),866
Chettinad Style Urulai Roast Recipe - Baby Potato Roast,867
Jackfruit Seed Korma Recipe,868
Chaat Masala Recipe,869
दही सुरन की सब्ज़ी रेसिपी - Dahi Suran Ki Sabzi (Recipe In Hindi),870
पालक मखाना रेसिपी - Palak Makhana (Recipe in Hindi),871
Quick Cauliflower Fried Rice Recipe,872
Potoler Dolma Recipe (Bengali Style Stuffed Pointed Gourd Curry),873
Sukhi Urad Dal Sabzi Recipe,874
Burnt Garlic Veg Fried Rice Recipe,875
Harive Soppina Saaru Recipe (Karnataka Style Amaranth Leaves Cooked with Lentils),876
Sabsige Millet Pulav Recipe,877
थंडू कीरई पोरियल रेसिपी - Thandu Keerai Poriyal Recipe,878
Punjabi Style Tinda Sabzi Recipe,879
Homemade Dhansak Masala Powder Recipe,880
Barnyard Millet and Ragi Khichdi Recipe,881
Coffee Recipe With Instant Coffee Powder,882
Manipuri Style Tan Ngang Recipe - Refined Flour/Maida Indian Puri Recipe,883
हरियाली पनीर टिक्का मसाला रेसिपी - Hariyali Paneer Tikka Masala Gravy (Recipe In Hindi),884
South Indian Poli Recipe with Coconut (Obbattu/Bobbattu),885
Moong Ki Khichdi Recipe,886
Bengali Phool Gobhir Paturi Recipe (Cauliflower & Potatoes With Poppy Seed Paste),887
Kongunadu Style Arisi Paruppu Sadam Recipe,888
How To Make Homemade Rose Syrup Recipe,889
Punjabi Garam Masala Powder Recipe,890
तवा पराठा रेसिपी - Tawa Paratha (Recipe in Hindi),891
केरला स्टाइल ओकरा थोरन रेसिपी - Kerala Style Vendakkai Thoran (Recipe In Hindi),892
Gujarati Style Osaman Dal Recipe,893
Chettinad Pattani Kurma Recipe (Chettinad Peas Curry),894
बीटरूट छास रेसिपी - Spiced Beetroot Buttermilk Recipe,895
टमाटर गाजर प्याज का सूप रेसिपी - Healthy Tomato Carrot Onion Soup Recipe,896
Maharashtrian Ambat Goda Dal Recipe,897
Karnataka Style Badanekayi Palya Recipe - Long Brinjal In Spicy Coconut Recipe,898
मसूर दाल मखनी रेसिपी - Masoor Dal Makhani Recipe,899
Kathiawadi Dhokli Nu Shaak Recipe,900
Doodhibhoplyacha Bharit Recipe - Maharashtrian Style Lauki Bharta,901
Cabbage Carrot Onion Pudina Thepla Recipe,902
Cabbage Capsicum Sabzi Recipe - Simla Mirch Patta Gobi Sabzi,903
Doodh Dudhi Recipe- Bottle Gourd In Milk Curry,904
Capsicum Usili Recipe (Tamil Nadu Style Capsicum cooked with lentils spice mix),905
Kathirikai Sundakkai Vathal Kuzhambu Recipe,906
Dappalam Recipe- Andhra Vegetable Stew Recipe,907
अमृतसरी छोले रेसिपी - White Chickpeas In Spicy Gravy (Recipe In Hindi),908
Yellow Pumpkin Pulao Recipe,909
Suran Jo Kheemo Recipe-Sindhi Style Grated Yam Sabzi,910
Wheat Paratha Recipe With Pizza Topping,911
Matar Chi Usal Recipe - Green Peas In A Onion Tomato Gravy,912
Beetroot Garlic Lemon Rasam Recipe,913
तीखा मटर मसाला रेसिपी - Spicy Matar Masala (Recipe In Hindi),914
Awadhi Style Taheri Recipe - Vegetable Rice Pulao Recipe,915
Buckwheat Vegetable Khichdi Recipe,916
Palak Kadhi Recipe - Spinach Kadhi,917
केरला टमाटर फ्राई रेसिपी - Kerala Tomato Fry (Recipe In Hindi),918
Meat Masala Stuffed Bharwa Baingan Recipe,919
Mullangi Poriyal recipe - South Indian Style Radish Stir Fry,920
जयपुरी आलू प्याज की सब्ज़ी रेसिपी - Jaipuri Aloo Pyaz Ki Sabzi (Recipe In Hindi),921
One Pot Vegetable Biryani Recipe In Preethi Electric Pressure Cooker,922
Fada Ni Khichdi Recipe,923
Mushroom Do Pyaza Recipe,924
Sorakaya Masala Curry Recipe - Andhra Style Sorakaya Curry,925
Mumbai Style Tawa Pulao Recipe With Moong Sprouts,926
Goan Soya Mince Potato Chop Recipe,927
Chickpea Salad Recipe With Raw Mango,928
Karela Masala Sabzi Recipe,929
Saag Tofu Recipe (Tofu Simmered in Spiced Mustard & Spinach Leaves),930
Goan Kaju Curry Recipe (Spicy Goan Cashew Nut Curry),931
Chettinad Paruppu Urundai Kuzhambu (Steamed Lentil Balls Cooked in a Tangy Curry) Recipe,932
Khumb Kakuri Potli Kebab Recipe With Sandwich Spread,933
Bajra Ka Kheech Recipe,934
Chettinad Vegetable Biryani Recipe,935
Uttarkhand Style Mixed Bhaddu Dal Recipe,936
Amrood Ni Kari Recipe (Parsi Style Dry Guava Curry Recipe),937
Shahi Tindora Recipe - Tindora In Cashew Nut Gravy,938
Chilli Cheese Mushroom Momo Recipe,939
Kadai Chole Recipe- Dry Chickpeas Masala with Capsicum,940
Vegetable Manchow Soup Recipe,941
Himachali Style Pahari Aloo Palda Recipe - Potatoes In Yogurt Gravy,942
Shahjahani Khichdi Recipe - Spiced Green Moong Dal Khichdi,943
Aloo Bhindi Recipe Flavored With Mustard And Poppy Seeds,944
Mooli And Wadi Ki Sabzi Recipe,945
Bhoplya Cha Bharit Recipe – Maharashtrian Pumpkin Sabzi,946
Mixed Vegetable Pulao Recipe,947
Mushroom Baby Corn Kaalimirri Recipe - Pepper Cashew Gravy,948
No Onion No Garlic Cabbage Kofta Curry Recipe,949
Karuveppilai Kuzhambu Recipe (Tangy & Spicy Curry Leaves Curry),950
Goan Style Mushroom Vindaloo Recipe,951
Saunf Wale Aloo Baingan Recipe - Fennel Spiced Potato And Eggplant,952
Batata nu Shaak Recipe - Aloo Tamatar Ki Sabzi,953
Broccoli Pakora Masala Recipe - Broccoli In Spicy Yogurt Gravy,954
Long Brinjal Poriyal Masala Recipe - Green Baingan Sabzi,955
Menthi Vankaya Recipe - Andhra Style Fenugreek Spiced Baingan,956
Baale Dindu Kadale Palya - Banana Stem Curry With Chickpeas Recipe,957
Healthy Lauki Kofta Curry Recipe | Non Fried Bottle Gourd Kofta Curry | Dhoodi Kofta,958
कॉर्न और मटर की करी रेसिपी - Corn And Peas Curry Recipe,959
केरला स्टाइल बैंगन करी रेसिपी - Kerala Style Eggplant Curry (Recipe In Hindi),960
Paneer Stuffed Bhindi In Ajwain Tomato Gravy Recipe,961
Aluchi Bhaji Recipe - Maharashtrian Style Colocasia Leaves Curry,962
Methi Moong Dal Palak Recipe,963
Pudina Moong Dal Recipe (Mint Moong Dal),964
Udupi Style Thondekayi And Badnekayi Sambar Recipe - Ivy Gourd & Brinjal Sambar,965
Kumaon Style Thechwani Recipe-Mooli Aloo Sabzi,966
Paneer Malai Makhani Biryani Recipe,967
Andhra Style Sorakaya Kura Recipe - Bottle Gourd And Toor Dal Recipe,968
No Onion No Garlic Aloo Gajar Ki Sabzi Recipe,969
Konkani Style Karate Batate Puddi Sagle Recipe - Bitter Gourd & Potato Curry,970
Olya Kaju Chi Amti Recipe - Malvani Cashew Nut Curry,971
Chettinad Mint Potato Biryani Recipe,972
Thengai Paal Kurma Recipe - Mixed Vegetables In Coconut Gravy,973
Kala Chana Pilaf Recipe,974
Whole Wheat Naan Recipe,975
Katachi Amti Recipe (Spicy Accompaniment To Maharashtrian Puran Poli),976
Stuffed Kathal Recipe,977
Spiced Rajma Pulao Recipe - Spiced Kidney Bean Rice,978
Kashmiri Style Apple Tamatar Sabzi Recipe - No Onion No Garlic,979
Hare Chane Ka Pulav Recipe,980
Bengali Style Dhokar Dalna Recipe (Spiced Lentil Cakes in Tomato Gravy Recipe),981
Gan Bian Dou Jiao Recipe (Dry Fried Sichuan Haricot Beans),982
कर्नाटका स्टाइल सोरक्कै पाल्या रेसिपी - Karnataka Style Sorakkai Palya (Recipe In Hindi),983
Dahi Suran Ki Kadhi Recipe - Yam Cooked In Yogurt Curry,984
Cabbage Poricha Kootu Recipe (Red Cabbage) - South Indian Cabbage Dal,985
Keerai Karamani Kuzhambu- Palak Lobia Curry Recipe,986
Onion Rava Bhakri Recipe (Goan Kanyachi Bhakri),987
चटपटी मकई मसाला रेसिपी - Chatpatti Makai Masala Recipe,988
Instant Cucumber Pickle Recipe,989
Rajasthani Khoya Matar Sabzi Recipe,990
पुदीना किनुआ रेसिपी - Pudina Quinoa Recipe,991
Goan Chana Ros Recipe (White Peas Curry),992
वन पॉट वांगी भाथ रेसिपी - One Pot Vangi Bhath Recipe In Hindi,993
Maharashtrian Style Dudhi Kajuchi Sonari Amti Recipe - Bottle Gourd And Cashew Nut Sabzi,994
Chow Chow Thoran (Poriyal) Recipe,995
Kabuli Chana Rasam Recipe,996
Masoor Dal Gassi Recipe - Lentils in Tangy Coconut Curry,997
Kerala Style Kanji Payar Recipe,998
Chenai Kizhangu Masiyal-South Indian Style Yam Masiyal,999
Stuffed Potato Cutlet Recipe With Mint Mayo,1000
ऑरेंज रसम रेसिपी - Orange Rasam Recipe,1001
Methi Malai Matar Recipe - Fenugreek Peas Curry With Cream,1002
Tuvar Ni Dal Recipe - Parsi Toovar Dal,1003
Whole Wheat Onion Stuffed Kulcha Recipe,1004
Kollu Vada Kurma Recipe (Horse Gram Fritters Spicy & Tangy Curry),1005
Green Chilli Vegetable Recipe,1006
Oriya Style Ambila Recipe-Sweet & Spicy Mixed Vegetable Sabzi,1007
खट्टी मीठी टिंडा की सब्ज़ी रेसिपी - Khatti Meethi Tinda Sabzi (Recipe In Hindi),1008
आलू भिंडी मसाला ग्रेवी रेसिपी - Aloo Bhindi Masala Gravy Recipe,1009
तुरई बैंगन की सब्ज़ी रेसिपी - Turai Baingan Ki Sabzi Recipe,1010
Dry Navratan Korma Recipe,1011
एल्लु सादम रेसिपी - Ellu Sadam (Recipe In Hindi),1012
गुट्टी वांकाया रेसिपी - Gutti Vankaya Recipe,1013
मेथी तुरई की सब्ज़ी रेसिपी - Methi Turai Ki Sabzi (Recipe In Hindi),1014
Karnataka Style Sabbasige Rasam Recipe - Dill leave & Toor Dal Rasam,1015
Sweet Corn & Avarakkai Sundal Recipe,1016
काली मिर्च वाली गोभी रेसिपी - Pepper Cauliflower (Recipe In Hindi),1017
Vagharela Chawal Recipe - Parsi Style Brown Rice,1018
Indo-Chinese Paneer Manchurian Recipe,1019
ओरिया स्टाइल मूंग दालमा रेसिपी - Oriya Style Moong Dalma (Recipe In Hindi),1020
Kala Chana Masala Curry Recipe,1021
Kerala Style Pazham Pori Recipe (Banana Fry),1022
Kashmiri Style Modur Pulao Recipe - Kashmiri Sweet Pulao,1023
Thotakura Majjiga Pulusu Recipe - Amaranth Leaves in Buttermilk Stew,1024
Matar Butter Masala Recipe,1025
पंजाबी मेथी कढ़ी रेसिपी - Punjabi Methi Kadhi Recipe,1026
Jaisalmer Kala Chana Kadhi Recipe - Rajasthani Chickpea Curry,1027
Dal Shorba Recipe - Indian Style Lentil Soup,1028
Baked Vegetable Seekh Kebab Recipe,1029
थक्काली रसम रेसिपी - Thakkali Rasam Recipe,1030
खट्टे पुदीने वाले आलू रेसिपी - Tangy Mint Potatoes (Recipe In Hindi),1031
Manathakkali Kootu Recipe,1032
Paneer Gassi Recipe,1033
Chow Chow Thakkali Kootu Recipe - Chayote Squash In Dal Coconut Curry,1034
Andhra Style Pachi Pulusu Recipe -Raw Tamarind Rasam,1035
Kala Chana Amti Recipe - Maharashtrian Black Chickpea Curry,1036
Sindhi Kadhi Recipe,1037
Paneer Shashlik Recipe,1038
Awadhi Style Dal Masoor Musallam Recipe,1039
Narkel Diye Cholar Dal Recipe (Bengali Chana Dal With Fried Coconut Slices),1040
Matar Millet Pulao Recipe - Peas Pulao Recipe,1041
कोवक्कै पौड़ी करी रेसिपी - Kovakkai Podi Curry Recipe,1042
मारवाड़ी गट्टे की कढ़ी रेसिपी - Marwadi Gatte Ki Kadhi Recipe,1043
Kala Chana Masala Recipe,1044
बंगाली आलू झिंगे पोश्तो करी रेसिपी - Bengali Aloo Jhinge Posto Curry (Recipe In Hindi)),1045
Paneer Stuffed Mushroom Masala Recipe,1046
Manipuri Style Alu Kangmet Recipe - Mashed Potato In Dry Red Chillies,1047
Mughlai Aloo Lajawab Recipe - Mughlai Aloo Sabzi Recipe,1048
Mugachi Usal Recipe -Spicy Moong Sprouted Sabzi,1049
आम की सब्ज़ी रेसिपी - Mango Curry Recipe,1050
Baby Potato Theeyal Recipe - Kerala Style Potatoes In Shallots And Roasted Coconut,1051
Chow Chow and Carrot Kootu Recipe,1052
Pumpkin Erissery Recipe - Kerala Pumpkin Coconut Curry,1053
Sesame Peanut Potato Mix Recipe,1054
ओरिया स्टाइल घण्टा तरकारी रेसिपी - Oriya Style Ghanta Tarkari (Recipe In Hindi),1055
भरमा कटहल की सब्ज़ी रेसिपी - Stuffed Jackfruit Curry (Recipe In Hindi),1056
Paal Kozhukattai Recipe With Bananas - With Vegan Option,1057
Maharashtrian Kalanyachi Bhakri Recipe With Groundnut Chutney,1058
Maash Ki Dal Khasgi Recipe (Dhaba Style Urad Dal),1059
Vempampoo Rice Recipe (Dried Neem Flowers Rice),1060
Menthe / Fenugreek Seeds Tambli Recipe (Karnataka Recipes),1061
"South Indian Style Green Moong Sprouts, Raw Mango Salad Recipe",1062
Instant Mixed Vegetable Pickle Recipe,1063
तिल के आलू रेसिपी - Til Ke Aloo (Recipe In Hindi),1064
Kaju Butter Masala Recipe,1065
Aloo Patta Gobi Sabzi Recipe - Potato Cabbage Sabzi,1066
हैदराबाद स्टाइल कुस्का रेसिपी - Hyderabad Style Kuska Recipe,1067
Chinese Style Green Beans Recipe,1068
Raw Banana and Banana Stem Stuffed Paratha Recipe,1069
Cheesy Pav Bhaji Recipe,1070
Enchorer Torkari Recipe - Bengali Style Raw Jackfruit in Semi-gravy,1071
Muga Ambat Recipe,1072
Vepampoo Kara Kuzhambu Recipe (Dried Neem Flower Gravy),1073
Cauliflower Rice and Lentil Curry Recipe,1074
Persian Eggplant Stew Recipe (Khoresht Bademjan),1075
Paneer Pav Bhaji Recipe - Wholesome Weeknight Dinner,1076
Andhra Style Beetroot Vepudu Recipe (Stir Fried Beetroot),1077
Baby Corn & Tomato Masala Bath-Rice Spiced With Pav Bhaji Masala,1078
Karnataka Style Kadle Kaalu Saru Recipe (Black Chickpea Curry Recipe),1079
Ragi Or Finger Millet Powder/ Malt Recipe for Babies 6 Months & Above,1080
Banana Stem Thoran Recipe - Ayurvedic No Onion No Garlic Recipe,1081
Chettinad Vegetable Pulav Recipe -,1082
Papad Parathas Recipe,1083
Methi Bajra Poori Recipe,1084
Karela Bajji Recipe - Pavakkai Bajji Recipe | Bittergourd,1085
Cajun Style Potatoes Recipe,1086
Bhatt Ki Dal Recipe - Traditional Kumaoni Black Bean Dal,1087
Sukhi Dahi Wali Lauki Recipe - Yogurt Based Bottle Gourd Sabzi,1088
Peanut Curry Recipe,1089
Healthy Tomato Carrot Onion Soup Recipe,1090
Rajasthani Gunde Ka Achaar Recipe (Bird Lime Pickle),1091
Spicy Goan Style Mushrooms Recipe,1092
Dal Kabila Recipe - Diabetic Urad Dal Tadka,1093
Mirchi And Aloo Curry Recipe - Long Green Chilli And Potato Curry,1094
Bardoli Ki Khichdi Recipe,1095
Stuffed Makai Paratha Recipe (Corn & Coriander Stuffed Flat Bread),1096
Kashmir Style Bom Chount/Wangan Recipe-Spicy Apple Brinjal Curry,1097
Dahi Wale Tinda Ki Sabzi Recipe - Apple Gourd in Yogurt Curry,1098
Bharli Vangi Recipe - Maharashtrian Style Stuffed Brinjals,1099
Vazhakkai Podimas Recipe (Ayurvedic Recipe With No Onion No Garlic),1100
Moong Dal Karara Recipe,1101
Baby Potatoes Pulao Recipe - Aloo Pulao Recipe,1102
Mango Pulusu Recipe - Mamidi Pandu Pulusu Recipe,1103
तीखा राजमा पुलाव रेसिपी - Spiced Rajma Pulao Recipe,1104
Tofu & Capsicum Paratha Recipe (Stuffed Tofu Flatbread),1105
Baby Corn Stew Recipe,1106
Paneer Tikka Pulao Recipe,1107
Bharma Baingan Ki Sabzi Recipe - Spicy Stuffed Brinjals,1108
UP Style Paneer In Mustard Gravy Recipe,1109
Kara Boondi Kurma Recipe - Boondi In Coconut Milk,1110
Kashmiri Kulith Ki Dal Recipe - Horse Gram Dal Recipe,1111
Carrot Poriyal Recipe - Steamed Carrot Stir Fry,1112
पालक गोभी की सब्ज़ी रेसिपी - Palak Gobi Sabzi (Recipe In Hindi),1113
Punjabi Black Chickpea Curry Recipe - Kale Chane Ki Sabzi,1114
Chatpata Kabuli Chana Salad - Chickpea Salad Recipe,1115
Gawarphali Ki Sabzi Recipe -Cluster Beans Sabzi,1116
Mangalorean Kadle Manoli Recipe  - Tindora Kala Chana Sabzi,1117
Kerala Pumpkin Pachadi Recipe (Parangikai Pachadi),1118
छोटी आलूर दम रेसिपी - Baby Potatoes In Tomato Gravy (Recipe In Hindi),1119
महाराष्ट्रियन आलू भुजने रेसिपी - Maharashtrian Aloo Bhujne (Recipe In Hindi),1120
Vazhakkai Milagu Kootu Recipe - Plantains Pepper Curry,1121
नवरतन कोरमा रेसिपी - Navratan Korma (Recipe In Hindi),1122
Spicy Yogurt Chapati/Roti Recipe,1123
Kerala Style Kappa Ulathiyathu Recipe - Tapioca Stir Fry Recipe,1124
Paneer Peshawari Recipe - Cottage Cheese In Rich Gravy,1125
Aal Ke Kofte (Bottle Gourd Fritters In Spicy Gravy) Recipe,1126
Kathirikai Rasavangi Recipe - Eggplant is a Tangy Coconut Gravy,1127
Spicy Broken Wheat Khichdi With Vegetables Recipe,1128
Spinach Rice Recipe - Palak Pulao,1129
Goan Gawar Bhaji Recipe,1130
Besan Aur Dahi Wali Kacche Kele Ki Sabzi Recipe,1131
Chettinad Style Pepper Mushroom Recipe,1132
Cabbage Palya Recipe,1133
Matar Mushroom Curry Recipe,1134
गाजर गोभी मटर सब्ज़ी रेसिपी - Carrot Cauliflower Peas Sabzi Recipe,1135
Bengali Style Basanti Pulao Recipe,1136
Dahi Methi Puri Recipe - Fenugreek Leaves Puri With Yogurt,1137
Sookha Aloo Matar Methi Sabzi Recipe,1138
Kashmiri Style Tamatar Chaman Recipe -Paneer Cooked With Tomatoes,1139
Nawabi Paneer Curry Recipe,1140
Bihari Makhana Aur Matar Sabzi Recipe,1141
धनिया वाले आलू रेसिपी - Dhania Wale Aloo (Recipe In Hindi),1142
Kerala Style Cauliflower Kurma Recipe,1143
Kodava Kummu Curry Recipe- Coorg Style Mushroom Curry,1144
धनसक मसाला पाउडर रेसिपी - Homemade Dhansak Masala Powder Recipe,1145
Rajasthani Dal Bati Churma Recipe | Dhaba Style recipe,1146
Lemon Rasam Recipe - Nimbe Saaru Recipe,1147
Tawa Paratha Recipe - Plain Paratha,1148
पत्ता गोभी पल्या रेसिपी - Cabbage Palya (Recipe In Hindi),1149
Pitor Ki Sabzi Recipe,1150
फालगुनी दाल रेसिपी - Phalguni Dal Recipe,1151
Cantonese Style Dimsums Recipe-Sweet Corn & Tofu Steamed Dumpling,1152
Masoor Dal Makhni Recipe,1153
पंजाबी लोबिया मसालारेसिपी -Punjabi Style Black Eyed Beans Curry (Recipe In Hindi),1154
Punjabi Bhindi Kadhi Recipe - Roasted Okra In Yogurt Curry,1155
पत्ता गोभी शिमला मिर्च की सब्ज़ी रेसिपी - Cabbage Capsicum Sabzi Recipe,1156
Makhmali Rajma Kebab Recipe,1157
Dahi Turai Ki Sabzi Recipe (Ridge Gourd Simmered In Yogurt Curry Recipe),1158
Tomato Methi Rice Recipe,1159
पर्शियन एग्गप्लांट स्टू रेसिपी - Persian Eggplant Stew Recipe,1160
Spicy Dalia Pulao Recipe - Broken Wheat Pulao,1161
Tomato Gojju (South Indian Style Tomato Curry Recipe),1162
तुवर नी दाल रेसिपी - Parsi Toovar Dal Recipe,1163
Kandathipli And Arisi Thipli Rasam Recipe,1164
स्पाइसी वेजीटेरियन हक्का नूडल्स रेसिपी - Vegetarian Hakka Noodles Recipe,1165
गाजर मेथी की सब्ज़ी रेसिपी - Carrot Fenugreek Leaves Stir Fry (Recipe In Hindi),1166
Pineapple Mushroom Tikka Recipe With Tandoori Masala,1167
पाइनएप्पल लस्सी रेसिपी - Pineapple Lassi Recipe,1168
शकरकंदी और करेला कुलंबु रेसिपी - Sweet Potato And Bitter Gourd Kulambu (Recipe In Hindi),1169
Goan Style Black Chickpeas And Cucumber Masala Recipe (Taushem Tondak),1170
Zunka Recipes (Spicy Gram Flour),1171
चाउ चाउ पोरिचा कूटू रेसिपी - Chow Chow Poricha Kootu Recipe,1172
Lauki Tamatar Ki Sabzi Recipe,1173
Tirunelveli Mor Kuzhambu Recipe,1174
आंध्रा स्टाइल पप्पू चारु रेसिपी - Andhra Style Pappu Charu Recipe,1175
तवा पनीर मसाला रेसिपी - Tawa Paneer Masala (Recipe In Hindi),1176
राजस्थानी सेव टमाटर की सब्ज़ी रेसिपी - Rajasthani Sev Tamatar Ki Sabzi (Recipe In Hindi),1177
वरन भात रेसिपी - Varan Bhaat Recipe,1178
Mixed Vegetable Koora Recipe - Mixed Vegetable Poriyal,1179
Mochar Ghonto Recipe (Traditional Banana Blossom Curry From West Bengal),1180
Pakodi Koora Recipes,1181
Chakolaya Recipe (Maharastrian Varan Phal),1182
Gutti Vankaya Recipe - Andhra Style Stuffed Brinjal,1183
Kashmiri Kesar Pulao - Saffron Fennel Rice Recipe,1184
शकरकंदी और नीम के पत्तो की सब्ज़ी रेसिपी - Sweet Potato & Neem Leaves Vegetable Curry (Recipe In Hindi),1185
Potato And Peas Curry Recipe In Coconut Milk Gravy,1186
कथीरिकै रसा वांगी रेसिपी - Kathirikai Rasa Vangi Recipe,1187
Ajwaini Tamatar Bhindi Recipe,1188
Jal Jeera Recipe - Sweet And Sour Cumin Water Recipe,1189
Awadhi Style Zarda Pulao Recipe,1190
Vellarikka Manga Curry Recipe - Cucumber Mango Pulissery,1191
Gehun Ki Bikaneri Khichdi Recipe (Wheat Kernel And Moong Dal Khichdi),1192
Stuffed Bhindi Recipe With Peanuts,1193
अदरक लहुसन टोफू करी रेसिपी - Ginger Garlic Tofu Curry (Recipe In Hindi),1194
लौकी यखनी रेसिपी - Lauki Yakhini (Recipe In Hindi),1195
Dudhi Dhokli Nu Shaak Recipe - Bottle Gourd And Steamed Dumplings Curry,1196
शिमला मिर्च मसाला रेसिपी - Capsicum Masala Gravy (Recipe In Hindi),1197
Beetroot Poriyal Sabzi Recipe For Babies And Toddlers Over 10 months,1198
चेटिनाड बीन्स और गोभी पोरियल रेसिपी - Chettinad Beans & Cauliflower Poriyal (Recipe In Hindi),1199
Udupi Style Mixed Vegetable Sambar Recipe (Lentil Curry With Vegetables),1200
Paneer Butter Masala Recipe,1201
Radish Greens Poriyal Recipe (South Indian Style Radish Greens Stir Fry),1202
खट्टा मीठा पेठा रेसिपी - Khatta Meetha Petha (Recipe In Hindi),1203
Ambe Dal Recipe - Maharashtrian Salad with Raw Mango & Chana Dal,1204
Green Mango Masoor Dal Recipe,1205
Sabsige Soppu Kootu (Dill Leaf Curry) Recipe,1206
Yeruvalli Kuzhambu Recipe | Iru Puli Kuzhambu | Tangy Coconut Curry,1207
Baked Stuffed Baati With Churma And Panchratna Dal Recipe,1208
महाराष्ट्रियन आलू भूजने रेसिपी - Potato Stir Fry (Recipe In Hindi),1209
Curd Oats Recipe,1210
केरल आलू थियल रेसिपी - Kerala Style Potatoes In Shallots And Roasted Coconut (Recipe In Hindi),1211
Himachali Chana Madra Recipe (Chickpeas In Yogurt Based Gravy),1212
Plain Dalia Recipe- How To Cook Broken Wheat In Pressure Cooker,1213
Thengai Paal Sadam Recipe - Coconut Milk Pulao,1214
Vegetarian Shami Kebab Recipe (Chane Ke Kebab),1215
Ragi Badam Soup Recipe - Finger Millet Almond Soup With Vegetables,1216
Iranian Berry Pulao Recipe With Caramelized Onion & Cranberry,1217
Brinjal Capsicum Sabji Recipe,1218
Ulava Charu Recipe - Spicy Andhra Horse Gram Rasam,1219
Tawa Paneer Masala Recipe,1220
Mango Rice Recipe,1221
Dal Chawal/ Paruppu Sadam -Baby & Toddler Recipe above 10 months,1222
Kosamalli Recipe (Chettinad Style Brinjal and Potato Mash),1223
No Onion No Garlic Black Eyed Beans Curry Recipe,1224
Curd Rice Recipe With Mint Flavour,1225
Goan Style Patol Bhaji Recipe- Green peas Curry Recipe,1226
Nimbu Chunda Recipe (Lemon Chutney) - No Cook And Oil Free,1227
Mixed Vegetable Noodle Cutlet Recipe,1228
Lemon Rice Recipe - Elumichai Sadam/Chitranna,1229
Makhana Moongphali Kadhi With Samvat Rice Recipe,1230
Avarekalu Usli Recipe,1231
Vendaikai (Okra) Puli Kootu Recipe,1232
Patta Gobi Sabzi Recipe - Cabbage Tomato Sabzi,1233
Methi Matar Pulao Recipe - Fenugreek Green Peas Pulao,1234
Masoor Dal And Palak Khichdi Recipe,1235
Udupi Tomato Rasam Recipe,1236
Sweet Dashami Recipe (Maharashtrian Flatbread Made With Wheat Flour & Sugarcane Juice),1237
Lauki Aloo Sabzi Recipe - Bottle Gourd Potato Vegetable Curry,1238
Aloo Beetroot and Baby Corn Mixed Sabzi Recipe,1239
Murungai Keerai Thanni Saaru Recipe-Drumstick Leaves Soup,1240
Rajasthani Chawle Wale Dhokle Recipe,1241
Parsi Style Vegetable Dhansak Recipe- Parsi Vegetable Dal,1242
Karwar Style Valval Recipe (Mixed Vegetables In Coconut Milk),1243
Shukto Recipe - Bengali Mixed Vegetable in Mustard and Poppy Seed Gravy,1244
Bengali Style Raw Jackfruit Curry Recipe - Enchor’er Dalana,1245
"Sweet Corn, Methi & Tomato Rice Recipe",1246
Paneer Bread Balls Recipe -Cottage Cheese & Bread Croquettes,1247
Warqi Paratha Recipe,1248
मसूर मूंगफली की दाल रेसिपी - Masoor Moong Phali Ki Dal Recipe,1249
Jimikand ke Kebab Recipe (Yam Kebabs),1250
Karnataka Style Bendekayi Gojju - Kayirasa Recipe,1251
Kodava Kootu Curry Recipe - Coorg Style Mixed Vegetable Stew,1252
Kela Methi Bhajiya Recipe,1253
Rajma Galouti Kebab Recipe,1254
Suran Moongphali Curry Recipe (Yam/Jimikand Curry with Peanuts),1255
Sprouted Methi & Kachha Aam Salad Recipe,1256
Golden Turmeric Almond Saffron Milk Shot Recipe,1257
Amritsari Dal Recipe,1258
Beetroot Greens Rice Recipe,1259
Masoor Moong Phali Ki Dal Recipe (Masoor Dal With Peanuts Recipe),1260
Peanut Cucumber Salad Recipe,1261
सुखी उरद दाल रेसिपी - Sukhi Urad Dal Sabzi Recipe,1262
पारसी लगन सारा इस्त्यु रेसिपी - Parsi Style Lagan Sara Istew Recipe (Recipe In Hindi),1263
Tangy Corn Tamatar Bharta Recipe,1264
पुलि किरई रेसिपी - Puli Keerai (Recipe In Hindi),1265
पालक कढ़ी रेसिपी - Palak Kadhi Recipe,1266
Wheat Grass Rasam Recipe,1267
Matki Kala Chana Salad Recipe,1268
Delicious Dal Makhani Recipe Without Onion and Garlic (Jain),1269
दही सुरन की कढ़ी रेसिपी - Dahi Suran Ki Kadhi Recipe,1270
Khatti Meethi Ragi Masala Roti Recipe With Carrots,1271
No Onion No Garlic Rajasthani Gatte Ki Kadhi Recipe,1272
कश्मीरी मुंज हाक रेसिपी - Knol Khol Flavored With Asafoetida (Recipe In Hindi),1273
Bengali Aloo Dum Recipe,1274
Masala Couscous Pulao Recipe,1275
Karnataka Style Mixed Vegetable Pulao Recipe,1276
बेक्ड चाइनीज़ आलू रेसिपी - Baked Chinese Potato Recipe,1277
शिमला मिर्च और मशरुम की सब्ज़ी रेसिपी - Pepper Mushroom Stir Fry (Recipe In Hindi),1278
Green Beans Poriyal Recipe With Peanuts & Sesame Recipe,1279
Fusion Spinach Parathas With Onion Tomato Salsa Recipe,1280
चीज़ वाले आलू रेसिपी - Cheesy Potatoes Recipe,1281
Capsicum Curry Recipe,1282
Falahari Rajgira Aloo Tikki Recipe (Gluten Free Amaranth Potato Patty),1283
पनीर मखनी रेसिपी - Paneer Makhani (Recipe In Hindi),1284
Coriander Tamarind Millet Rice Recipe,1285
Cinnamon Spiced Black Lemon Tea Recipe,1286
सिंधी करेला भाजी रेसिपी - Sindhi Karela Bhaji Recipe,1287
Sprouted Moong And Methi Pulao Recipe,1288
Singhara Pulao Recipe - Water Chestnut Mixed Rice,1289
Hyderabadi Shahi Mixed Vegetable Curry Recipe,1290
Jharkhand Dal Peethi Recipe,1291
Masala Roti Recipe-Soft and Spicy Indian Flat Bread,1292
वेजीटेरियन काबुली पुलाव रेसिपी - Vegetarian Kabuli Pulao Recipe,1293
Double Beans Sundal Recipe,1294
Hara Chana Masala Recipe,1295
Khatti Meethi Mooli Ki Sabzi Recipe-Sweet and Tangy Radish Dry Recipe,1296
Manipuri Style Chak Angouba Recipe - Vegetable Pulao Recipe,1297
Malvani Kurkuri Bhindi Recipe - Moongphali Bhindi Sabzi,1298
पोरीचा कोरम्बुरेसिपी - Poricha Kuzhambu Tamil Nadu Style Mixed Vegetables and Lentil Stew (Recipe In Hindi),1299
Lauki Badi Ki Sabzi Recipe,1300
Gujarati Batata Pulao Recipe - Sweet And Spicy Pulao With Lentils And Potatoes,1301
Dill Leaves Toor Dal Recipe - Shepu/ Suva Dal recipe,1302
Karnataka Style Bele Saaru Recipe,1303
जैन स्टाइल कॉर्न पालक - Jain Style Corn Palak (Recipe In Hindi),1304
Chettinad Mushroom And Green Peas Stir Fry Recipe,1305
Sweet Potato And Carrot Sabzi Recipe,1306
Quick Pulao With Onions And Tomatoes Recipe,1307
जुन्का रेसिपी - Spicy Gram Flour Sabzi (Recipe In Hindi),1308
Mogre Ka Sharbat Recipe - Fresh Jasmine Drink,1309
Urulai Kizhangu Roast Recipe - Spicy Potato Roast Recipe,1310
अचारी आलू परवल की सब्ज़ी रेसिपी - Achari Aloo Parwal Sabzi (Recipe In Hindi),1311
Baingan Musallam Recipe (Mughlai Style Eggplant Simmered In Rich Tomato Curry),1312
Mangalorean Style Kuvalyacho Pollav Recipe (Yellow Pumpkin Curry Recipe),1313
पत्ता गोभी की सब्ज़ी - Cabbage Tomato Sabzi (Recipe In Hindi),1314
Vegan Black Beans Stuffed Paratha Recipe,1315
Green Beans Paruppu Usili Recipe - Iyengar Style,1316
Vendakkai Podi Curry Recipe - Vendakkai Poriyal,1317
Sukha Kala Chana Masala Recipe - Ashtami Prasad,1318
चना मेथी दाल रेसिपी - Chana Methi Dal Recipe,1319
Motiya Chilman Pulao Recipe - Vegetable Rice Topped With Paneer Balls,1320
Dal Ghiya with Punjabi Wadiyan Recipe - Lentils with Bottle Gourd & Sundried Lentil Dumplings,1321
Peshawari Chole Recipe,1322
दाल मखनी रेसिपी - Dal Makhani Without Onion And Garlic (Recipe In Hindi),1323
Khandeshi Dal Recipe,1324
Pahari Style Phanu Recipe - Delicious Mixed Dal,1325
जीरा राइस रेसिपी - Jeera Rice (Recipe In Hindi),1326
Maharashtrian Style Sheng Sola Recipe (Vegetable Stew),1327
Thayir Semiya Recipe (Curd Semiya),1328
कढ़ाई मशरुम रेसिपी - Kadai Mushroom (Recipe In Hindi),1329
Hirve Kaalvan Recipe (Fresh Coriander and Coconut Curry),1330
Dahi Wale Makhane Recipe - Lotus Seeds In Curd Gravy,1331
Jolada Ganji Recipe (Jowar Savoury Porridge),1332
केरला अवियल रेसिपी - Kerala Avial (Recipe In Hindi),1333
Menthya Jolada Mudde Recipe - Methi & Jowar Balls Recipe,1334
Drumstick Dal Recipe,1335
शाही भिंडी रेसिपी - Shahi Bhindi Recipe In Cashew Nut Gravy Recipe,1336
Spinach And Millet Pulav Recipe,1337
Mangalorean Style Lobia Gassi Recipe - Black Eyed Peas In Coconut Curry,1338
Maavina Hannina Gojju (Karnataka Style Ripe Mango Curry Recipe),1339
Masala Vadai Kuzhambu Recipe (Mudaliar Style Curried Fritters In Spicy Tamarind Gravy),1340
Bengali Style Chori Recipe-Mixed Vegetable Sabzi,1341
Pumpkin Sabzi Recipe with Panch Phoron Masala,1342
Jaipuri Aloo Pyaz Ki Sabzi Recipe Using Preethi Electric Pressure Cooker,1343
Fajeto Recipe - Gujarati Ripe Mango Curry Recipe,1344
Goan Bimbla Uddamethi Recipe,1345
Kayi Saasive Chitranna Recipe,1346
Malvani Kala Chana Masala Recipe - Spicy Kala Chana Curry,1347
Kuvale Sasam Recipe - Konkani Ash Gourd Curry,1348
Soya Keema Matar Masala Recipe,1349
Bengali Style Kanch kolar Kofta Curry Recipe (Green Plantain Kofta Curry Recipe),1350
Spiced Watermelon Curry Recipe With Carrots & Peppers,1351
Vegetable Handi Biryani Recipe,1352
Hari Dhania Ki Sabzi ( Fresh Coriander leaves Dry Curry) Recipe,1353
Andhra Style Potato Korma Recipe,1354
Broccoli And Tofu Green Curry Recipe,1355
Nepalese Vegetable Pulao Recipe,1356
Kondakadalai Puli Vengaya Kuzhambu Recipe (South Indian Style Spicy And Tangy Kala Chana),1357
Jowar Bajra Garlic Roti Recipe,1358
Dal And Vegetable Kebab Recipe,1359
Shahi Bhindi Recipe in Cashew Nut Gravy - Okras in Cashew Nut Curry,1360
Kashmiri Style Nadru Yakhni Recipe-Lotus Stem in Yogurt Sauce,1361
Mughlai Bhindi Recipe - Spicy Okra Curry,1362
Lehsuni Methi Paneer Recipe - Garlic Methi Paneer Curry,1363
Chettinad Thakkali Vengaya Kuzhambu Recipe,1364
Foxtail Millet Khichdi Recipe with Batata Aloo Nu Shaak,1365
Pumpkin Dal with Garlic Tadka Recipe,1366
Bhindi Huli Recipe - South Indian Style Tangy Okra,1367
Ukad Recipe (Maharashtrian Rice Flour Porridge),1368
Rajasthani Dal Baaple Churma Recipe,1369
Goan Style Caldinho de Abobora Branca Recipe (Mild Curry of white Pumpkin),1370
Beans Karam Recipe (Beans Curry),1371
Indo Chinese Soya Stir Fry Recipe With Cashew Nuts,1372
Aava Pettina Majjiga Pulusu Recipe - Andhra Style Mor Kuzhambu,1373
Szechwan Hakka Noodle Momo Recipe,1374
Kathirikai UrulaiKizhanghu Pachidi Recipe (Brinjals And Potatoes With Moong Dal),1375
Masala Lachha Paratha Recipe,1376
Mangalorean Padengi Gassi Recipe - Green Moong Dal Curry,1377
Spicy & Masaledar Aloo Gobi & Beans Tawa Sabzi Recipe,1378
Maharashtrian Chavali Chi Usal Recipe - Black Eyed Peas Curry,1379
Patta Gobi Matar Nu Shaak Recipe (Cabbage & Peas Sabzi Recipe),1380
Chettinad Cauliflower Pepper Fry Recipe (Milagu Pirattal Poriyal),1381
Pasi Paruppu Masiyal Recipe-Green Moong Dal Curry Recipe,1382
Tomato Rice With Basil Recipe,1383
Udupi Style Alsande Kayi Saaru Recipe (Long Beans Gravy Recipe),1384
Awadhi Style Kathal Ke Kebab Recipe- Raw Jackfruit Kebabs,1385
Raw Papaya Kofta In Yogurt Curry Recipe,1386
Homemade Coconut Milk Recipe,1387
Goan Poee Recipe -  Delicious Whole Wheat Buns Recipe,1388
Arbi Tomato Onion Sabzi Recipe (Spicy Colocasia Stir fry),1389
आमला गवार फली की सब्ज़ी रेसिपी - Crispy Amla Gawar Phali Sabzi (Recipe In Hindi),1390
Gujarati Biraj Recipe - Saffron Flavored Sweet Lentil Rice With Dry Fruits & Coconut,1391
Matta Rice/ Chemba Rice Recipe-Pressure Cooker Method,1392
Mint Flavoured Mixed Vegetable Pulao Recipe,1393
Verusenaga Sambar Recipe (Fresh Groundnuts Sambar),1394
छोले पिंडी रेसिपी - Chole Pindi Recipe,1395
Baked Chinese Potato Recipe (Koorka Mezhukuperatti),1396
Subz Noor E Chashm Recipe (Nawabi Curry Recipe ),1397
कद्दू शिमला मिर्च की सब्ज़ी रेसिपी - Kaddu Simla Mirch Sabzi (Recipe In Hindi),1398
Khatte Baingan Recipe,1399
Chettinad Masala Powder Recipe,1400
Tomato Onion Gravy Sabzi Recipe,1401
Kelyachi Bhaji Recipe (Raw Banana Stir Fry),1402
Andhra Style Chama Dumpa Pulusu Recipe - Arbi With Sesame Tamarind Sauce Recipe,1403
Kasuri Methi Paneer Sabzi Recipe,1404
Karamani Poriyal Recipe - Yard Long Beans Stir Fry | Chawli | Barbati Sabzi,1405
Raw Papaya Mor Kootu Recipe - Ayurvedic No Onion No Garlic Recipe,1406
Oriya Kancha Kadali Bara Recipe (Raw Banana Cutlets),1407
भरमा बैंगन और प्याज की सब्ज़ी रेसिपी - Bharma Baingan Aur Pyaaz Ki Sabzi (Recipe In Hindi),1408
Karnataka Style Avarekalu Pulao Recipe - Avarekalu Pulao,1409
अमृतसरी दाल रेसिपी - Amritsari Dal (Recipe In Hindi),1410
Sprouted Horse Gram Thoran Recipe - No Onion No Garlic,1411
Creamy Dal Makhani Recipe,1412
Vaangi Shimla Mirchi Bhaji Recipe - Brinjal Capsicum Gravy,1413
Aloo Gobi Matar Ki Sabzi Recipe,1414
Banana And Ragi Porridge Recipe For Babies And Toddlers,1415
Dahi Ma Bheeda Recipe (Dahi Bhindi - Parsi Style Okras Cooked In Yogurt Recipe),1416
Gujarati Sev Tameta Nu Shaak | Sev Tamatar Ki Sabzi Recipe,1417
ब्रोकली और पेप्पर राइस रेसिपी - Broccoli & Pepper Rice (Recipe In Hindi),1418
Kaya Tholi Thoran Recipe (Raw Banana Thoran),1419
पटियाला आलू रेसिपी - Patiala Aloo Recipe,1420
Quinoa Brown Rice and Vegetable Pulao Recipe,1421
Quinoa and Vegetable Saute Recipe,1422
Paneer Do Pyaza Recipe,1423
Creamy Beetroot and Potato Puree Recipe - Baby Food,1424
हरी फली की सब्ज़ी रेसिपी - Green Beans Fry (Recipe In Hindi),1425
Ginger-Holy Basil Tisane - Adrak Tulsi Chai Recipe,1426
Tamil Nadu Style Potato Masiyal Recipe (South Indian Style Aloo Masala),1427
Cauliflower Pepper Fry Recipe (Chettinad Style),1428
Quinoa Vangi Bath Recipe,1429
Dhaba Style Dal Palak Recipe,1430
Kolhapuri Akkha Masoor Dal Recipe (Masoor Dal in Kholapuri Masala),1431
Aam Pora Shorbot Recipe - Bengali Aam Panna Recipe,1432
Cauliflower Coconut Milk Stew Recipe,1433
मूंग दाल मेथी की सब्ज़ी रेसिपी - Moong Dal Methi Ki Sabzi (Recipe In Hindi),1434
Spicy Soya Bhurji Recipe - North Indian Soya Matar Bhurji,1435
Bihari Style Kadhi Bari Recipe,1436
Sprouted Kollu Sambar Recipe - Horse Gram Sambar With Vegetables,1437
Goan Recheado Masala Recipe,1438
Milagu Keerai Poricha Kootu Recipe - Palak And Moong Dal Kootu,1439
Mushroom Tikka Masala Dry Recipe,1440
Honey Glazed Corn Fritters Recipe,1441
आलू पत्ता गोभी सब्ज़ी रेसिपी - Aloo Patta Gobi Sabzi Recipe,1442
Aam Ka Panna Recipe With Jaggery,1443
Thakkali Rasam Recipe - South Indian Tomato Rasam,1444
गुजराती दाल रेसिपी - Gujarati Dal (Recipe In Hindi),1445
Achari Baingan Bharta Recipe,1446
Carrot and Capsicum Mix Dal Recipe,1447
Baked Whole Wheat Masala Baati Recipe (Healthy Rajasthani Spiced Wheat Dumplings),1448
टमाटर रसम रेसिपी - Tomato Rasam (Recipe In Hindi),1449
Mixed Vegetable Paratha Recipe,1450
Uttarakhand Aloo Ke Gutke Recipe,1451
Kanda Keri Nu Kachumber Recipe- Instant Mango Pickle,1452
Aloo Posto Recipe (Potatoes In Poppy Seed Paste),1453
Traditional Whole Gobi Musallam Recipe,1454
Dhingri Matar Recipe (Mushrooms and Peas Spicy Curry),1455
Spiced Buttermilk With Coriander And Ginger Recipe,1456
चेट्टिनाड मसाला पाउडर रेसिपी - Chettinad Masala Powder Recipe,1457
Stove Top Green Peas Seekh Kebab Recipe,1458
Bharwa Besan Mirch Sabzi Recipe - Chillies Stuffed With Spiced Gram Flour,1459
वन पॉट पंजाबी राजमा मसाला रेसिपी - One Pot Punjabi Rajma Masala Recipe,1460
Sundakkai And Methi Leaves Sambar Recipe,1461
Nigella Seed Beetroot Rice Recipe,1462
हरा चना मसाला रेसिपी - Hara Chana Masala (Recipe In Hindi),1463
Mambazha Mor Kuzhambu Recipe - Ripe Mango Mor Kuzhambu,1464
Bengali Style Shaak Bhaja Recipe (Stir Fried Green Amaranth leaves Recipe),1465
Konkani Style Southe Koddel Recipe-Mangalore Cucumber in Coconut curry,1466
कुर्ग स्टाइल मशरुम करी रेसिपी - Coorg Style Mushroom Curry Recipe,1467
Tambdi Bhaji Recipe - Goan Style Red Amaranth Stir Fry,1468
Honey and Sesame Tossed Flat Noodles with Toasted Tofu Recipe,1469
Quick Beetroot Pulao Recipe,1470
Matki Khichdi Recipe - Palak Pudina Moth Bean Khichdi Recipe,1471
Chunni Ki Puri Recipe - Moong Dal And Besan Fried Puri Recipe,1472
Tamil Nadu Style Arachuvitta Rasam Recipe,1473
Goan Style Sangacho Ross Recipe-Drumstick Curry,1474
Aloo Matar Korma Recipe In White Gravy,1475
Aavryachi Bhaji-Avarakkai Poriyal Recipe-Broad Beans Stir Fry,1476
तमिल नाडु स्टाइल सोरकई पोरियल - Spicy Dry Bottle Gourd (Recipe In Hindi),1477
Stuffed Ridge Gourd Recipe,1478
No Onion No Garlic Aloo Makhana Sabzi Recipe,1479
Nimki Aloo Anardana Curry Recipe - Potato And Nimki Curry,1480
Thekera Tenga Recipe,1481
Konkani Style Kotte Saaru/Halasina Bijada Saru Recipe-Jackfruit Seed Rasam,1482
"Kashmiri Pulao Recipe - Pulao Spiced With Saffron, Whole Spices & Nuts",1483
Poricha Kuzhambu Recipe (Tamil Nadu Style Mixed Vegetables and Lentil Stew),1484
मसूर दाल मखनी रेसिपी - Masoor Dal Makhani (Recipe In Hindi),1485
Bihari Kale Chane Ki Ghugni Recipe,1486
Lauki Bharta Recipe - Spiced & Mashed Bottled Gourd Recipe,1487
Smoked Dhaba Dal Recipe,1488
Mambhazam Pulissery Recipe,1489
Raw Jackfruit Biryani Recipe - Kathal Biryani,1490
Kabuli Chana Kofta Biryani Recipe - Chickpea Kofta Biryani,1491
Curry Fried Quinoa Rice Recipe,1492
Bihari Style Aloo Ka Chokha Recipe - Spiced & Mashed Potatoes With Mustard Oil,1493
Khatte Chole Recipe - A Delicious North Indian Chana Masala,1494
Besan Capsicum Ki Sabzi Recipe,1495
Mooga Gathi (Sprouted Moong In Coconut Paste) Recipe,1496
Maharashtrian Green Moong Bhat Recipe - Sprouted Green Moong Pulao,1497
Shimla Mirchi Panchamrut Recipe | Konkani Capsicum Cashew Peanut Sabzi,1498
Bhey Vangan Saag Recipe - Sindhi Style Lotus Stem Spinach Brinjal Sabzi,1499
Chena Kaya Erissery Recipe,1500
Karela Thepla Recipe - Bitter Gourd Indian Flat Bread,1501
Thavala Adai Recipe,1502
Achari Paneer Mini Bread Bowl With Cheesy Twist Recipe,1503
Mooli Jowar Ki Roti Recipe - Mullangi Kambu Chapathi,1504
Bengali Sukto Recipe - Mixed Vegetable Curry,1505
Tomato Rasam Recipe For Babies And Toddlers,1506
Vegetarian Momo Recipe-Steamed Dumplings/A Street Food from the North East India,1507
Capsicum Bath Recipe,1508
Watermelon Seeds Rice Recipe,1509
Homemade Multigrain Baby Cereal Recipe (Baby Porridge),1510
Palak Patta Chaat Recipe-Delhi style Spinach leaf Chaat,1511
Hariyali Gobi Recipe - Palak Cauliflower Curry Recipe,1512
Mulakootal (Vegetables In Coconut Gravy) Recipe,1513
Manga Rasam Recipe - Raw Mango Rasam Recipe,1514
Oriya Special Dalma Recipe - Lentils Cooked With Vegetables & Raw Papaya,1515
Tamil Nadu Style Pala Kottai Sambar Recipe - Mangalore Cucumber & Jackfruit Seed Sambar,1516
Cucumber Mor Kuzhambu Recipe (Cucumber Curry),1517
Andhra Style Beerakaya Pappu Recipe (Ridge Gourd Dal Recipe),1518
Sorakkai Kozhukattai Paal Kuzhambu Recipe - Bottle Gourd Curry,1519
Sweet And Sour Vegetables Recipe,1520
Turai Baingan Ki Sabzi Recipe - Eggplant Ridge Gourd Sabzi,1521
Vaangi Bhaat Recipe (Maharashtrian Style Brinjal Rice),1522
Cauliflower And Red Bell Pepper Stir Fry Recipe,1523
Manga Ogre Recipe (Mango Rice),1524
Pepper Cauliflower Recipe,1525
Daal Pithi Recipe,1526
Kashmiri Style Nadru Ke Kabab Recipe-Lotus Stem in Spicy Gravy,1527
Peanut Rice With Coconut Recipe,1528
Green Peas Nimona Recipe,1529
Uttarakhand Style Black Gram Chainsoo Recipe,1530
Aloo Matar Paneer Curry Recipe,1531
Multigrain Crepe Recipe Filled With Spicy Mashed Potatoes,1532
Sindhi Sai Bhaji Recipe - Wholesome Sindhi Dal With Vegetables,1533
Red Capsicum Poriyal Recipe - Red Bell Pepper Stir Fry,1534
खट्टे पुदीना आलू रेसिपी - Khatte Pudina Aloo Recipe,1535
Moong Bean Sprouts Upkari Recipe - Moong Beans Stir Fry,1536
Drumstick Dal Soup Recipe,1537
Cauliflower Matar Bhurji Recipe,1538
Mixed Sprouts In Chettinad Masala Recipe,1539
Homemade Rice Cereal Recipe (Babies-4 months onward),1540
आलू मेथी की सब्ज़ी रेसिपी - Potato Fenugreek Leaves Stir Fry (Recipe In Hindi),1541
Vegetable Yakhni Pulao Recipe,1542
Broccoli Puree With Butter and Garlic Recipe (For Babies/toddlers over 7 months),1543
गवार फली मसाला सब्ज़ी रेसिपी - Gawar Phali Masala Sabzi Recipe,1544
Carrot Methi Pachadi Recipe,1545
Palak Makhana Recipe (Navratri Fasting/Vrat Recipe),1546
Mavinakayi Gojju Recipe - Mango Curry,1547
Sindhi Bhuga Chawal Recipe - Sindhi Style Browned Rice Pulao,1548
Tofu Green Pulao Recipe,1549
Dal Bukhara Recipe (Punjabi Style Black Urad Dal),1550
Rabodi Ki Sabzi Recipe,1551
Raw Mango Thokku Recipe - Tamil Nadu Style Raw Manga Thokku,1552
Andhra Gongura Pulihora Recipe | Gongura Puliyodharai | Spicy Red Roselle Leaves Rice,1553
पनीर बिरयानी रेसिपी - Paneer Biryani Recipe,1554
Stir Fried Brown Rice And Wild Rice Topped With Honey-Glazed Tofu Recipe,1555
नवाबी मिक्स्ड वेजिटेबल रेसिपी - Nawabi Mixed Vegetable Gravy (Recipe In Hindi),1556
Moong Dal Methi Ki Sabzi Recipe,1557
बैंगन मुसल्लम रेसिपी - Mughlai Style Eggplant Simmered In Rich Tomato Curry (Recipe In Hindi),1558
Baked Gobi Manchurian Recipe - Healthy Cauliflower Manchurian Recipe,1559
Hyderabad Style Kuska Recipe (Biryani Rice Recipe),1560
पालक तम्बूली रेसिपी - Palak Tambuli (Recipe In Hindi),1561
किरई सांबर रेसिपी - Keerai Sambar (Recipe In Hindi),1562
Munthiri Masala Kurma Recipe - Kaju Masala Kurma Recipe,1563
नेलिकई रसम रेसिपी - Amla Rasam Recipe,1564
Kerala Special Vegetable Stew Recipe,1565
बिहारी स्टाइल आलू का चोखा रेसिपी - Bihari Style Aloo Ka Chokha Recipe,1566
अमृतसरी सूखी दाल रेसिपी - Amritsari Sookhi Dal Recipe,1567
Senai Kizhangu Poriyal Recipe-Yam Poriyal Recipe,1568
दाल पालक रेसिपी - Dal Palak (Recipe In Hindi),1569
Baingan Bharta Recipe - Smoked Roasted Eggplant with Green Chillies and Ginger,1570
Badanekaayi Gojju (Brinjal Curry) Recipe,1571
पत्ता गोभी पुलाव रेसिपी - Spiced Cabbage Rice (Recipe In Hindi),1572
बंगाली स्टाइल छोलार दाल रेसिपी - Bengali Style Cholar Dal (Recipe In Hindi),1573
Kashmiri Style Al Rogan Josh Recipe- Pumpkin In Red Curry,1574
गोबी और सोया कीमा रेसिपी - Gobi and Soya Keema Recipe,1575
Fried Barnyard Millet Recipe -Fried Samvat Rice,1576
Grilled Paneer Methi Tikki Recipe,1577
Thotakura Pappu Recipe (Toor Dal with Amaranth Leaves),1578
Murunga Keerai Urula Poriyal Recipe - Moringa Aloo Sabzi,1579
Vazhaithandu Lemon Rasam Recipe - Banana Stem Lemon Rasam,1580
अालुची भाजी - Aluchi Bhaji (Recipe In Hindi),1581
पत्तागोबी थोरन रेसिपी - Cabbage Thoran (Recipe In Hindi),1582
आंध्रा स्टाइल वांकाया कोथिमीरा करम रेसिपी - Andhra Style Vankaya Kothimeera Karam Recipe,1583
बंगाली फूल गोभीर पतुरी रेसिपी - Bengali Phool Gobhir Paturi (Recipe In Hindi),1584
Carrot And Coriander Soup Recipe,1585
Goan Tendli Bhaji Recipe,1586
Milagu Kozhambu Recipe,1587
Kondakadalai Vazhathandu Puli Thengai Kuzhambu Recipe (Banana Stem Curry with Black Chickpeas Recipe),1588
पत्ता गोभी कोफ्ता करी रेसिपी - No Onion No Garlic Cabbage Kofta Curry,1589
Rajma Saagwala (Dry Kidney Beans And Spinach Stir Fry) Recipe,1590
पकोड़ी कूरा रेसिपी - Pakodi Koora (Recipe In Hindi),1591
Beetroot Thoran Recipe,1592
बूंदी और हरे प्याज की सब्ज़ी रेसिपी - Boondi And Spring Onion Greens Sabzi (Recipe in Hindi),1593
Soya Chunk And Green Peas Sabzi Recipe,1594
पोटाला रसा रेसिपी - Oriya Style Parval Sabzi (Recipe In Hindi),1595
Haryali Seekh Kebab Recipe,1596
Pineapple Gojju Recipe (Karnataka Style Tangy And Spicy Pineapple Curry),1597
Achari Paneer Recipe -Spicy Pickled Paneer Gravy,1598
नवाबी कोफ्ता करी रेसिपी - Nawabi Kofta Curry Recipe,1599
Besan & Atta Ki Roti Recipe (Chickpea Flatbread),1600
Ingi Mangai Sadam Recipe,1601
मुल्तानी काली अरबी रेसिपी - Multani Kaali Arbi (Recipe In Hindi),1602
Methi Malai Paneer Recipe,1603
Sweet & Spicy Pineapple Pani Puri Recipe,1604
Carrot Beans Thoran Recipe - Kerala Thoran For Onam Sadya,1605
Aloo Methi Masala Recipe - Potato & Fenugreek Leaves Gravy,1606
मूगा गाथि रेसिपी - Mooga Gathi (Recipe In Hindi),1607
परवल मसाला रेसिपी - Parwal Masala Recipe,1608
Bhaat Na Rasawala Muthia Dhokla Recipe | Gujarati Rasiya Dhokla,1609
Broccoli Paratha Recipe,1610
Drumstick Leaves Kadhi Pakora Recipe - Moringa Kadhi Pakora,1611
Bandhakopir Ghonto Recipe (Bengali Style Cabbage Fry),1612
Pumpkin Kofta Curry Recipe,1613
Suran Ki Sabzi Recipe - Jimikand Masala Sabzi Recipe,1614
Andhra Style Mukkala Pulusu Recipe-Sweet Tangy Vegetable Stew,1615
बदनेकाई गोज्जु रेसिपी - Badanekaayi Gojju Recipe,1616
अरबी का साग रेसिपी - Arbi Ka Saag (Recipe In Hindi),1617
Corn Chilli Cheese Momos Recipe,1618
Methi Pakoda Kadhi Recipe - Punjabi Kadhi Pakora,1619
Hurali Saaru Recipe - Healthy Horse Gram and Coconut Curry,1620
Punjabi Style Spicy Arbi Sabji Recipe,1621
Mint Vegetables Moilee Recipe (Mixed Vegetables Cooked In Minty Coconut Milk),1622
Amla Achaar Recipe | Hot & Sweet Indian Gooseberry Pickle,1623
Mushroom Thoran Recipe-Kerala Style Mushroom Sabzi,1624
होल वीट लच्छा पराठा रेसिपी - Whole Wheat Lachha Paratha Recipe,1625
Moong Dal Rasam/Pesara Pappu Charu Recipe (Lemon Infused Indian Lentil Soup),1626
Karnataka Style Avarekalu Sagu Recipe-Hyacinth Beans/ Mochai Kurma,1627
Sindhi Toor Dal Recipe With Aam Papad - Aam Papad Dal Recipe,1628
Maharashtrian Style Bhogichi Bhaji Recipe - Mixed Vegetable Curry,1629
Goan Masoorchi Usali Recipe (Black Lentil Stir Fry),1630
Rajasthani Sweet & Spicy Ker Sangri Sabzi Recipe,1631
Chana Dal Pulao Recipe,1632
Ellu Kuzhambu Recipe- Sesame Seeds Kuzhambu,1633
Kumbakonam Kadappa Recipe - South Indian Style Lentil and Potato Stew,1634
Potala Rasa Recipe (Oriya Style Parval Sabzi),1635
Chatpata Baby Potato Recipe,1636
आलू परवल की सुखी सब्ज़ी रेसिपी - Potato And Pointed Gourd Sabzi (Recipe In Hindi),1637
Kerala Style Whole Wheat Parotta Recipe,1638
Masaura And Potato Tarkari Recipe,1639
Soya Chunks And Beetroot Biryani Recipe,1640
Kollu Puli Kuzhambu Recipe - Horsegram In A Tangy Gravy,1641
Khatta Meetha Tamatar Sabzi Recipe - A Chutney Style Dry Sabzi,1642
Aloo Paneer Kebab Recipe,1643
Masoor Dal Kebabs Recipe,1644
"Andhra Style Chilakada Dumpa Pulusu Recipe (Sweet Potato in Tangy, Sweet & Spicy Curry Recipe)",1645
Soya Methi Palak Ki Sabzi Recipe,1646
Bharwa Karela Masala Recipe,1647
Moong Dal Pani Recipe- Dal Soup For Babies 6 months & above,1648
Healthy Soya Sabudana Kebabs Recipe With Spicy Tomato Chutney,1649
Tandoori Style Soya Chaap Curry Recipe,1650
Mushroom Pasanda Recipe (Butter Fried Mushrooms in Tomato Almonds and Cream Gravy),1651
Chatpata Potato Canapes Recipe,1652
Achari Aloo Gobi Recipe - Spicy Indian Cauliflower Stir Fry,1653
Baby Corn Butter Masala Recipe,1654
Traditional Panakam Recipe,1655
Karnataka Style Baledindina Kosambari Recipe (Banana Stem Salad),1656
Bihari Style Baingan Ka Chokha Recipe (Smoked & Spiced Eggplant),1657
Gawar Phali Methi Ki Sabzi Recipe -Cluster Beans Methi Sabzi,1658
One Pot Aloo Gobi Sabzi Recipe Using Preethi Electric Pressure Cooker,1659
Nippattu Masala Chaat Recipe- South Indian Style Chaat,1660
Matta Rice Peas Pulao Recipe,1661
Paneer Bhurji Gravy Recipe,1662
Butter Chicken With Tandoori Mayo Recipe,1663
South Indian Style Vazhaithandu Poriyal Recipe - Banana Stem Curry with No Onion and No Garlic,1664
Corn Korma Recipe,1665
Andhra Style Kandagadda Vepudu Recipe - Yam Stir Fry Recipe,1666
Spinach Corn Sabzi Recipe,1667
Vendakkai Vengayam Sambar Recipe (Okra in Tangy Lentil Curry),1668
Vegan Soya Aloo Curry Recipe,1669
Mysore Style Avarekalu Rasam Recipe,1670
Green Moong Dal Kootu with Raw Banana Peel Recipe,1671
Broccoli Paneer And Peanut Masala Recipe,1672
Southekayi Palya Recipe - Mangalore Cucumber Palya/ Sabzi Recipe,1673
Gajar Methi Sabzi Recipe (Carrot Fenugreek Leaves Stir Fry),1674
Boondi And Spring Onion Greens Sabzi Recipe,1675
Corn Methi Malai Gravy Recipe,1676
Kadai Baby Corn Paneer Recipe,1677
Bharwa Bhindi And Pyaaz Ki Sabzi Recipe,1678
Andhra Style Vankaya Kothimeera Karam Recipe - Brinjal Cooked With Spicy Coriander Mix Recipe,1679
Pakistani Chickpeas Pulao Recipe With Sweet Hot Date Onion Chutney,1680
छोले पिंडी रेसिपी - Chole Pindi (Recipe In Hindi),1681
वेगन सोया आलू की सब्ज़ी रेसिपी - Vegan Soya Aloo Curry (Recipe In Hindi),1682
Reshmi Kofta Recipe in Rich Cashew Gravy,1683
Poshto Phoolkopi Recipe (Cauliflower & Potato In Poppy Seeds Gravy),1684
Sarson Chole Ka Saag Recipe - Kabuli Chana In Mustard Leaves Gravy,1685
Cauliflower Paneer Kofta Curry Recipe,1686
Green Apple Rasam Recipe,1687
No Onion No Garlic Kadamba Sambar Sadam - Kovil Sadam Recipe,1688
"Cucumber, Red Radish, Tomatoes & Onion Salad Recipe",1689
Sindhi Karela Bhaji Recipe - Sindhi Style Bitter Gourd Sabzi,1690
अरबी दही वाली सब्ज़ी रेसिपी - Arbi Dahi Wali Sabzi (Recipe In Hindi),1691
कच्चे आमवाली मसूर दाल रेसिपी - Raw Mango Masoor Dal Recipe,1692
आलू और मूली के पत्तो की सब्ज़ी रेसिपी - Aloo Aur Mooli Ke Patto Ki Sabzi (Recipe In Hindi),1693
Kashmiri Style Rajma Gogji Recipe - Kidney Beans & Turnip Curry,1694
Varan Bhaat Recipe - Maharashtrian Dal Recipe,1695
Karela Besan Sabzi Recipe,1696
Himachali Style Pahari Khatta Recipe (Boondi In Tangy Yogurt Curry),1697
Soy Chunks Manchurian Recipe In Sweet & Spicy Chinese Sauce,1698
Sukhe Methi Chole Recipe,1699
Murungakkai Vendhaya Keerai Sambar Recipe-Drumstick & Fenugreek Greens Sambar,1700
Awadhi Style Sheermal Recipe - Sweet Flat Bread,1701
कर्नाटक स्टाइल पालक दाल या पालक तोव्वे रेसिपी- Palak Dal (Recipe In Hindi),1702
Cauliflower Palak Methi Muthia Recipe,1703
Pulikuthi Upperi Recipe - Spicy & Tangy Palakkad Poriyal Recipe,1704
Thinai Thakkali Sadam Recipe (Foxtail Millet Tomato Rice),1705
सिंधि साई भाजी रेसिपी - Sindhi Sai Bhaji Recipe,1706
Arbi Dahi Wali Sabzi Recipe,1707
मूली के पत्तो का पोरियल रेसिपी - South Indian Style Radish Greens Stir Fry (Recipe In Hindi),1708
Vegetarian Hakka Noodles -Chinese Chow Mein Recipe,1709
काया थोली थोरन रेसिपी - Raw Banana Thoran (Recipe In Hindi),1710
Kerala Cheriya Ulli Sambar Recipe,1711
Oriya Special Dalma Recipe (Oriya Dal & Tarkari),1712
Idichakka Thoran Recipe (Young Jack Fruit With Spiced Coconut),1713
Kala Chana Mithaas Liye Recipe (Chickpeas & Lotus seed In Date Curry),1714
Dry Methi Malai Matar Recipe,1715
Goan Moolyacho Ross Recipe (Goan Radish Curry),1716
Lau Er Khosha Bhaja Recipe - Bottle Gourd Peel Stir Fry,1717
छोर छोरी रेसिपी - Bengali Style Mixed Vegetable (Recipe In Hindi),1718
बंगाली छोलार दाल रेसिपी -  Bengali Style Cholar Dal Recipe,1719
पोतोलेर डोलमा रेसिपी - Potoler Dolma Recipe,1720
Awadh Style Bakarhani Roti Recipe ( Thick Spiced Flat-Bread Recipe ),1721
Barnyard Millet And Mushroom Cutlet Recipe,1722
Indo Chinese Paneer Lolipop Recipe,1723
Kerala Style Murungai Keerai Thoran Recipe,1724
Ringan Ravaiya Recipe (Parsi Style Stuffed Eggplant Recipe),1725
पितोर की सब्ज़ी रेसिपी - Pitor Ki Sabzi Recipe,1726
Beetroot Gajar Mooli Salad Recipe - Radish & Beetroot Salad,1727
टमाटर प्याज वाली अरबी की सब्ज़ी रेसिपी - Arbi Tomato Onion Sabzi (Recipe In Hindi),1728
Navrang Dal Recipe ( Spicy Mixed Lentils),1729
Suran Kebab Masala Recipe - Yam In Tomato Onion Gravy,1730
Aratikaya Masala Pulusu Recipe - Raw Banana Stir Fry,1731
कशमीरी केसर पुलाव रेसिपी - Kashmiri Kesar Pulao Recipe,1732
Gujarati Kadhi With Milk And Mint Recipe,1733
पीना कोलाडा रेसिपी - Piña Colada Recipe,1734
छोटो आलूर दम रेसिपी - Choto Aloor Dum (Recipe In Hindi),1735
Mangalorean Style Bendekayi Huli Koddel Recipe - Ladies finger Dal without Coconut Recipe,1736
बिहारी काले चने की घुगनी रेसिपी - Bihari Kale Channe Ki Ghugni (Recipe In Hindi),1737
मट्टा राइस मटर पुलाव रेसिपी - Matta Rice Peas Pulao,1738
Snake Gourd Salan Recipe (Snake Gourd Cooked In Tangy Spicy Peanut Sesame Curry),1739
Bharwa Karela Recipe,1740
ढिंगरी मटर रेसिपी - Dhingri Matar (Recipe In Hindi),1741
कढ़ाई पनीर रेसिपी - Kadai Paneer (Recipe In Hindi),1742
लिलवे की सब्ज़ी रेसिपी - Lilve Ki Sabzi (Recipe In Hindi),1743
आलू पालक की सब्ज़ी रेसिपी - Sautéed Potatoes With Spinach (Recipe In Hindi),1744
Spicy Baked Beans With Potato Cakes Recipe,1745
Aloo Kulcha Recipe (Spiced Potato Stuffed Indian Flat Bread),1746
Kashmiri Dahi Baingan Recipe,1747
Dal Chenchki ( Red Lentils with Shallots),1748
Eggplant In Mustard Poppy Seed Yogurt Gravy Recipe-Begun Doi Sorse Posto bata Jhol,1749
Maharashtrian Narali Bhaat Recipe (Sweetened Coconut Rice),1750
Chettinadu Style Potato Kaarakozhambu Recipe,1751
Beans Mezhukkupuratti Recipe - Kerala Style Stir Fried Beans,1752
Karwar Style Dali Ambat Ani Maska Sang Recipe-Toor Dal & Drumsticks Pod Curry,1753
Kothamalli Kozhukattai (Coriander Rice) Recipe,1754
Moong Dal Ke Kebab Recipe,1755
गुजराती वाघरेली मग रेसिपी - Gujarati Vaghareli Mag (Recipe in Hindi),1756
Gavarfali Ki Sukhi Sabzi Recipe,1757
Homemade Butter Naan Recipe - Soft Yogurt Bread,1758
Mysore Rasam Recipe,1759
Chena Mezhukuparrati Recipe ( Eggplant Foot Yam Stir Fry),1760
Mangalorean Style Vaingana Mashinga Sange Sukhe/Sukka Recipe - Brinjal & Cashew Nut Stir Fry,1761
Mozzarella Stuffed Potato Balls Recipe,1762
Lemon Coriander Soup Recipe,1763
Kurkuri Bhindi And Onion Masala Recipe,1764
Cantonese Style Vegetarian Chowmein Recipes,1765
पाल कट्टी चेट्टिनाड करी रेसिपी - Chettinad Style Paneer Kurma (Recipe In Hindi),1766
Tomato pulao Recipe,1767
Restaurant Style Hara Bhara Kebab Recipe - Vegetarian Green Patties,1768
Banana Apple Mash Recipe,1769
Maharashtrian Style Kala Chana Cooked In Koli Masala Recipe,1770
Jain Style Corn Palak Recipe,1771
Cabbage And Carrot Thoran Recipe,1772
Sweet Potato And Bitter Gourd Kulambu Recipe,1773
Diabetic Friendly Green Moong Dal/ Mung Beans Soup Recipe,1774
Masala Roasted Aloo Recipe,1775
Kashmiri Style Rajma Recipe,1776
Mushroom Manchurian Recipe | Mushroom Chilli Recipe | Indian Chinese,1777
नागालैंड स्टाइल काली दालरेसिपी - Nagaland Style Kali Dal (Recipe In Hindi),1778
How to Make Quinoa Flour Recipe,1779
High Protein Broccoli and Dill Stuffed Paratha Recipe,1780
Chickpea Soup Recipe,1781
Kollu Rasam Recipe - Healthy Horse Gram Rasam,1782
Maharashtrian Kadhi Recipe,1783
ड्रमस्टिक दाल सूप रेसिपी - Drumstick Dal Soup Recipe,1784
Lauki Yakhni Recipe - Bottle Gourd In Yogurt Gravy,1785
Spiced Turnips with Spinach Recipe,1786
Labra Assamese Chunky Mix Vegetables Recipe,1787
Perum Payaru Theeyal Recipe (Kerala Style Black Eyed Bean Curry),1788
Raw Mango Sambar Recipe - South Indian Mangai Sambar Recipe,1789
Dry Palak Dal Sabzi Recipe,1790
Nawabi Kofta Curry Recipe,1791
Jolada Roti Recipe - Jowar Bhakri,1792
Amritsari Sookhi Dal Recipe,1793
Rajasthani Methi Mangodi Sabzi Recipe,1794
Thengai Saadam (Spiced Coconut Rice) Recipe,1795
Thotakura Vepudu Recipe - Andhra Style Amaranth Greens Stir Fry,1796
Stir Fried Carrot And Green Beans Recipe,1797
Mahali Kizhangu Thayir Urugaai Recipe (Mahali Root Curd Pickle),1798
One Pot Punjabi Rajma Masala Recipe In Preethi Electric Pressure Cooker,1799
